,Purchase,WeekofPurchase,StoreID,PriceCH,PriceMM,DiscCH,DiscMM,SpecialCH,SpecialMM,LoyalCH,SalePriceMM,SalePriceCH,PriceDiff
1,CH,237,1,1.75,1.99,0,0,0,0,0.5,1.99,1.75,0.24
2,CH,239,1,1.75,1.99,0,0.3,0,1,0.6,1.69,1.75,-0.06
3,CH,245,1,1.86,2.09,0.17,0,0,0,0.68,2.09,1.69,0.4
4,MM,227,1,1.69,1.69,0,0,0,0,0.4,1.69,1.69,0
5,CH,228,7,1.69,1.69,0,0,0,0,0.956535,1.69,1.69,0
6,CH,230,7,1.69,1.99,0,0,0,1,0.965228,1.99,1.69,0.3
7,CH,232,7,1.69,1.99,0,0.4,1,1,0.972182,1.59,1.69,-0.1
8,CH,234,7,1.75,1.99,0,0.4,1,0,0.977746,1.59,1.75,-0.16
9,CH,235,7,1.75,1.99,0,0.4,0,0,0.982197,1.59,1.75,-0.16
10,CH,238,7,1.75,1.99,0,0.4,0,0,0.985757,1.59,1.75,-0.16
11,CH,240,7,1.86,2.09,0,0,0,0,0.988606,2.09,1.86,0.23
12,CH,263,7,1.86,2.13,0.27,0,0,0,0.990885,2.13,1.59,0.54
13,CH,276,7,1.99,2.13,0,0.54,0,1,0.992708,1.59,1.99,-0.4
14,CH,268,7,1.86,2.13,0,0,0,0,0.68,2.13,1.86,0.27
15,CH,278,7,2.06,2.13,0,0,0,0,0.744,2.13,2.06,0.07
16,CH,278,7,2.06,2.13,0,0,0,0,0.7952,2.13,2.06,0.07
17,MM,240,1,1.75,1.99,0,0.3,0,1,0.5,1.69,1.75,-0.06
18,MM,268,2,1.86,2.18,0,0,0,1,0.4,2.18,1.86,0.32
19,MM,269,2,1.86,2.18,0,0,0,0,0.32,2.18,1.86,0.32
20,CH,254,7,1.86,2.18,0,0,0,0,0.5,2.18,1.86,0.32
21,CH,257,7,1.86,2.18,0,0,0,0,0.6,2.18,1.86,0.32
22,CH,258,1,1.76,2.18,0,0,0,0,0.68,2.18,1.76,0.42
23,CH,259,7,1.86,2.18,0,0,0,0,0.744,2.18,1.86,0.32
24,CH,264,7,1.86,2.13,0.37,0,1,0,0.7952,2.13,1.49,0.64
25,CH,268,7,1.86,2.13,0,0,0,0,0.83616,2.13,1.86,0.27
26,CH,269,7,1.86,2.13,0.27,0,1,0,0.868928,2.13,1.59,0.54
27,CH,271,7,1.86,2.13,0,0,0,0,0.895142,2.13,1.86,0.27
28,CH,272,7,1.86,2.13,0,0,0,0,0.916114,2.13,1.86,0.27
29,CH,274,7,1.86,2.13,0.47,0.54,1,0,0.932891,1.59,1.39,0.2
30,CH,278,7,2.06,2.13,0,0,0,0,0.946313,2.13,2.06,0.07
31,CH,246,2,1.89,2.09,0,0,0,0,0.5,2.09,1.89,0.2
32,CH,265,7,1.86,2.13,0.37,0,1,0,0.6,2.13,1.49,0.64
33,MM,275,2,1.96,2.18,0,0.8,0,1,0.68,1.38,1.96,-0.58
34,MM,232,2,1.69,1.69,0,0,1,0,0.68,1.69,1.69,0
35,CH,251,3,1.99,2.23,0,0,0,0,0.544,2.23,1.99,0.24
36,CH,256,3,1.99,2.29,0,0,0,0,0.6352,2.29,1.99,0.3
37,CH,258,1,1.76,2.18,0,0,0,0,0.70816,2.18,1.76,0.42
38,CH,277,1,1.99,2.13,0.24,0,0,0,0.7952,2.13,1.75,0.38
39,CH,271,4,1.99,2.09,0.1,0.4,1,0,0.4,1.69,1.89,-0.2
40,CH,227,4,1.79,1.79,0,0,0,1,0.920961,1.79,1.79,0
41,CH,229,4,1.79,1.79,0,0,0,0,0.936769,1.79,1.79,0
42,CH,230,4,1.79,1.79,0,0,0,0,0.949415,1.79,1.79,0
43,CH,233,4,1.79,2.09,0,0,0,0,0.959532,2.09,1.79,0.3
44,CH,236,4,1.79,2.09,0,0,0,0,0.967626,2.09,1.79,0.3
45,MM,237,4,1.79,2.09,0,0,0,0,0.9741,2.09,1.79,0.3
46,CH,240,4,1.79,2.23,0,0,0,0,0.77928,2.23,1.79,0.44
47,CH,244,4,1.99,2.23,0,0,0,0,0.823424,2.23,1.99,0.24
48,CH,245,4,1.99,2.23,0,0,0,0,0.858739,2.23,1.99,0.24
49,CH,246,4,1.99,2.23,0,0,0,0,0.886992,2.23,1.99,0.24
50,CH,247,4,1.99,2.23,0,0,0,0,0.909593,2.23,1.99,0.24
51,MM,248,4,1.99,2.23,0,0,0,0,0.927675,2.23,1.99,0.24
52,CH,249,4,1.99,2.23,0,0,0,0,0.74214,2.23,1.99,0.24
53,CH,252,4,1.99,2.23,0,0,0,0,0.793712,2.23,1.99,0.24
54,MM,254,4,1.99,2.29,0,0,1,0,0.834969,2.29,1.99,0.3
55,CH,256,4,1.99,2.29,0,0,0,0,0.667976,2.29,1.99,0.3
56,CH,256,4,1.99,2.29,0,0,0,0,0.73438,2.29,1.99,0.3
57,CH,257,4,1.99,2.29,0,0.4,0,1,0.787504,1.89,1.99,-0.1
58,CH,258,4,1.99,2.29,0,0,0,0,0.830003,2.29,1.99,0.3
59,CH,258,7,1.86,2.18,0,0,0,0,0.864003,2.18,1.86,0.32
60,CH,259,4,1.99,2.29,0,0,0,0,0.891202,2.29,1.99,0.3
61,CH,260,4,1.99,2.09,0,0,0,0,0.912962,2.09,1.99,0.1
62,CH,263,4,1.99,2.09,0,0,0,0,0.930369,2.09,1.99,0.1
63,MM,265,4,1.99,2.09,0.1,0,0,0,0.944296,2.09,1.89,0.2
64,CH,265,4,1.99,2.09,0.1,0,0,0,0.755436,2.09,1.89,0.2
65,CH,266,4,1.99,2.09,0.1,0,0,0,0.804349,2.09,1.89,0.2
66,CH,267,4,1.99,2.09,0.1,0,0,0,0.843479,2.09,1.89,0.2
67,MM,269,4,1.99,2.09,0.1,0,0,0,0.874783,2.09,1.89,0.2
68,MM,270,4,1.99,2.09,0.1,0,0,0,0.699827,2.09,1.89,0.2
69,CH,272,4,1.99,2.09,0,0.4,0,0,0.559861,1.69,1.99,-0.3
70,CH,272,4,1.99,2.09,0,0.4,0,0,0.647889,1.69,1.99,-0.3
71,CH,274,4,1.99,2.09,0,0.4,0,0,0.718311,1.69,1.99,-0.3
72,CH,275,4,2.09,2.09,0,0.4,0,0,0.774649,1.69,2.09,-0.4
73,CH,276,4,2.09,2.09,0.2,0.4,0,0,0.819719,1.69,1.89,-0.2
74,CH,278,4,2.09,2.09,0.2,0,0,0,0.855775,2.09,1.89,0.2
75,CH,230,7,1.69,1.99,0,0,0,1,0.68,1.99,1.69,0.3
76,CH,238,4,1.79,2.09,0,0,0,0,0.744,2.09,1.79,0.3
77,CH,239,4,1.79,2.23,0,0,0,0,0.7952,2.23,1.79,0.44
78,CH,251,4,1.99,2.23,0,0,0,0,0.83616,2.23,1.99,0.24
79,CH,252,2,1.89,2.09,0.13,0,0,0,0.868928,2.09,1.76,0.33
80,CH,255,4,1.99,2.29,0,0,0,0,0.895142,2.29,1.99,0.3
81,CH,263,4,1.99,2.09,0,0,0,0,0.916114,2.09,1.99,0.1
82,CH,264,4,1.99,2.09,0.1,0,0,0,0.932891,2.09,1.89,0.2
83,CH,269,4,1.99,2.09,0.1,0,0,0,0.946313,2.09,1.89,0.2
84,CH,273,4,1.99,2.09,0,0.4,0,0,0.95705,1.69,1.99,-0.3
85,CH,275,4,2.09,2.09,0,0.4,0,0,0.96564,1.69,2.09,-0.4
86,CH,276,2,1.99,2.18,0,0,0,1,0.972512,2.18,1.99,0.19
87,CH,277,4,2.09,2.09,0.2,0.4,0,0,0.97801,1.69,1.89,-0.2
88,CH,252,4,1.99,2.23,0,0,0,0,0.68,2.23,1.99,0.24
89,CH,275,4,2.09,2.09,0,0.4,0,0,0.744,1.69,2.09,-0.4
90,CH,277,3,2.09,2.09,0.2,0.4,0,0,0.7952,1.69,1.89,-0.2
91,CH,237,4,1.79,2.09,0,0,0,0,0.5,2.09,1.79,0.3
92,CH,269,4,1.99,2.09,0.1,0,0,0,0.6,2.09,1.89,0.2
93,CH,242,4,1.99,2.23,0,0,0,0,0.5,2.23,1.99,0.24
94,CH,244,7,1.86,2.09,0,0.2,0,0,0.6,1.89,1.86,0.03
95,CH,241,2,1.75,1.99,0,0.3,0,1,0.5,1.69,1.75,-0.06
96,CH,277,2,1.99,2.18,0,0,0,0,0.6,2.18,1.99,0.19
97,CH,277,7,1.99,2.13,0.5,0,0,1,0.4,2.13,1.49,0.64
98,CH,227,2,1.69,1.69,0,0,0,0,0.744,1.69,1.69,0
99,CH,229,2,1.69,1.69,0,0,0,0,0.7952,1.69,1.69,0
100,CH,234,2,1.69,1.99,0,0,0,0,0.83616,1.99,1.69,0.3
101,CH,236,2,1.75,1.99,0,0,0,0,0.868928,1.99,1.75,0.24
102,CH,237,2,1.75,1.99,0,0,0,0,0.895142,1.99,1.75,0.24
103,CH,240,2,1.75,1.99,0,0.3,0,1,0.916114,1.69,1.75,-0.06
104,MM,241,2,1.75,1.99,0,0.3,0,1,0.932891,1.69,1.75,-0.06
105,CH,243,2,1.86,2.09,0,0,0,1,0.746313,2.09,1.86,0.23
106,CH,245,2,1.89,2.09,0,0,0,0,0.79705,2.09,1.89,0.2
107,CH,245,1,1.86,2.09,0.17,0,0,0,0.83764,2.09,1.69,0.4
108,CH,248,2,1.89,2.09,0,0,0,0,0.870112,2.09,1.89,0.2
109,CH,248,2,1.89,2.09,0,0,0,0,0.89609,2.09,1.89,0.2
110,CH,249,2,1.89,2.09,0,0,0,0,0.916872,2.09,1.89,0.2
111,CH,249,1,1.86,2.09,0,0,0,0,0.933497,2.09,1.86,0.23
112,MM,251,3,1.99,2.23,0,0,0,0,0.946798,2.23,1.99,0.24
113,CH,253,2,1.89,2.09,0.13,0,0,0,0.757438,2.09,1.76,0.33
114,CH,254,2,1.89,2.09,0.13,0,0,0,0.805951,2.09,1.76,0.33
115,CH,255,2,1.89,2.18,0.13,0,0,0,0.844761,2.18,1.76,0.42
116,CH,257,3,1.99,2.29,0,0.4,0,1,0.875808,1.89,1.99,-0.1
117,CH,257,2,1.86,2.18,0,0,0,0,0.900647,2.18,1.86,0.32
118,CH,258,2,1.86,2.18,0,0,0,0,0.920517,2.18,1.86,0.32
119,CH,259,3,1.99,2.29,0,0,0,0,0.936414,2.29,1.99,0.3
120,CH,259,2,1.86,2.18,0,0.4,0,1,0.949131,1.78,1.86,-0.08
121,CH,260,2,1.86,2.18,0,0.7,0,0,0.959305,1.48,1.86,-0.38
122,CH,261,1,1.76,1.99,0,0,0,0,0.967444,1.99,1.76,0.23
123,CH,261,2,1.86,2.18,0,0,0,0,0.973955,2.18,1.86,0.32
124,CH,263,2,1.86,2.18,0,0,0,1,0.979164,2.18,1.86,0.32
125,MM,264,2,1.86,2.18,0,0,0,0,0.983331,2.18,1.86,0.32
126,CH,265,2,1.86,2.18,0,0,0,0,0.786665,2.18,1.86,0.32
127,CH,266,1,1.86,1.99,0,0.1,0,0,0.829332,1.89,1.86,0.03
128,CH,266,2,1.86,2.18,0,0,0,0,0.863466,2.18,1.86,0.32
129,CH,267,2,1.86,2.18,0,0.4,0,1,0.890772,1.78,1.86,-0.08
130,CH,270,2,1.86,2.18,0,0,0,0,0.912618,2.18,1.86,0.32
131,CH,270,1,1.86,2.18,0,0,0,0,0.930094,2.18,1.86,0.32
132,CH,271,2,1.86,2.18,0,0.06,0,0,0.944076,2.12,1.86,0.26
133,CH,272,2,1.86,2.18,0,0.06,0,0,0.95526,2.12,1.86,0.26
134,CH,273,7,1.86,2.13,0,0.54,0,0,0.964208,1.59,1.86,-0.27
135,CH,273,1,1.86,2.18,0,0,0,0,0.971367,2.18,1.86,0.32
136,CH,274,2,1.96,2.18,0,0.8,0,1,0.977093,1.38,1.96,-0.58
137,CH,275,2,1.96,2.18,0,0.8,0,1,0.981675,1.38,1.96,-0.58
138,CH,276,7,1.99,2.13,0,0.54,0,1,0.98534,1.59,1.99,-0.4
139,CH,278,2,1.99,2.18,0,0,0,0,0.988272,2.18,1.99,0.19
140,CH,242,3,1.99,2.23,0,0,0,0,0.6,2.23,1.99,0.24
141,CH,237,1,1.75,1.99,0,0,0,0,0.52,1.99,1.75,0.24
142,CH,251,4,1.99,2.23,0,0,0,0,0.5,2.23,1.99,0.24
143,MM,255,4,1.99,2.29,0,0,0,0,0.6,2.29,1.99,0.3
144,MM,261,7,1.86,2.13,0,0.24,0,0,0.48,1.89,1.86,0.03
145,CH,277,4,2.09,2.09,0.2,0.4,0,0,0.384,1.69,1.89,-0.2
146,MM,233,7,1.75,1.99,0,0.4,1,0,0.5,1.59,1.75,-0.16
147,MM,236,7,1.75,1.99,0,0.4,0,0,0.4,1.59,1.75,-0.16
148,MM,243,7,1.86,2.09,0,0.2,0,0,0.32,1.89,1.86,0.03
149,MM,244,7,1.86,2.09,0,0.2,0,0,0.256,1.89,1.86,0.03
150,MM,245,7,1.86,2.09,0,0.2,0,0,0.2048,1.89,1.86,0.03
151,MM,252,7,1.86,2.09,0.1,0,0,0,0.16384,2.09,1.76,0.33
152,MM,277,7,1.99,2.13,0.5,0,0,1,0.131072,2.13,1.49,0.64
153,CH,228,4,1.79,1.79,0,0,0,0,0.83616,1.79,1.79,0
154,CH,230,3,1.79,1.79,0,0,0,0,0.868928,1.79,1.79,0
155,CH,231,3,1.79,1.79,0,0,0,0,0.895142,1.79,1.79,0
156,CH,233,1,1.69,1.99,0,0,0,0,0.916114,1.99,1.69,0.3
157,CH,263,4,1.99,2.09,0,0,0,0,0.932891,2.09,1.99,0.1
158,CH,264,4,1.99,2.09,0.1,0,0,0,0.946313,2.09,1.89,0.2
159,CH,265,4,1.99,2.09,0.1,0,0,0,0.95705,2.09,1.89,0.2
160,CH,266,4,1.99,2.09,0.1,0,0,0,0.96564,2.09,1.89,0.2
161,CH,267,4,1.99,2.09,0.1,0,0,0,0.972512,2.09,1.89,0.2
162,CH,269,4,1.99,2.09,0.1,0,0,0,0.97801,2.09,1.89,0.2
163,CH,270,1,1.86,2.18,0,0,0,0,0.982408,2.18,1.86,0.32
164,CH,271,4,1.99,2.09,0.1,0.4,1,0,0.985926,1.69,1.89,-0.2
165,CH,272,4,1.99,2.09,0,0.4,0,0,0.988741,1.69,1.99,-0.3
166,CH,274,4,1.99,2.09,0,0.4,0,0,0.990993,1.69,1.99,-0.3
167,CH,276,4,2.09,2.09,0.2,0.4,0,0,0.992794,1.69,1.89,-0.2
168,CH,277,4,2.09,2.09,0.2,0.4,0,0,0.994235,1.69,1.89,-0.2
169,CH,278,3,2.09,2.09,0.2,0,0,0,0.995388,2.09,1.89,0.2
170,CH,269,2,1.86,2.18,0,0,0,0,0.6,2.18,1.86,0.32
171,CH,229,7,1.69,1.69,0,0.2,0,1,0.95705,1.49,1.69,-0.2
172,CH,230,7,1.69,1.99,0,0,0,1,0.96564,1.99,1.69,0.3
173,CH,231,4,1.79,1.79,0,0,0,0,0.972512,1.79,1.79,0
174,CH,233,4,1.79,2.09,0,0,0,0,0.97801,2.09,1.79,0.3
175,CH,239,7,1.79,2.09,0,0,0,0,0.982408,2.09,1.79,0.3
176,CH,240,4,1.79,2.23,0,0,0,0,0.985926,2.23,1.79,0.44
177,CH,242,7,1.86,2.09,0,0,0,0,0.988741,2.09,1.86,0.23
178,CH,243,4,1.99,2.23,0,0,0,0,0.990993,2.23,1.99,0.24
179,CH,244,7,1.86,2.09,0,0.2,0,0,0.992794,1.89,1.86,0.03
180,CH,246,4,1.99,2.23,0,0,0,0,0.994235,2.23,1.99,0.24
181,CH,249,4,1.99,2.23,0,0,0,0,0.995388,2.23,1.99,0.24
182,CH,250,7,1.86,2.09,0,0,0,0,0.996311,2.09,1.86,0.23
183,CH,251,4,1.99,2.23,0,0,0,0,0.997049,2.23,1.99,0.24
184,CH,254,4,1.99,2.29,0,0,1,0,0.997639,2.29,1.99,0.3
185,CH,255,4,1.99,2.29,0,0,0,0,0.998111,2.29,1.99,0.3
186,CH,257,4,1.99,2.29,0,0.4,0,1,0.998489,1.89,1.99,-0.1
187,CH,260,4,1.99,2.09,0,0,0,0,0.998791,2.09,1.99,0.1
188,CH,261,4,1.99,2.09,0,0,0,0,0.999033,2.09,1.99,0.1
189,CH,262,4,1.99,2.09,0,0,0,0,0.999226,2.09,1.99,0.1
190,CH,264,4,1.99,2.09,0.1,0,0,0,0.999381,2.09,1.89,0.2
191,CH,265,4,1.99,2.09,0.1,0,0,0,0.999505,2.09,1.89,0.2
192,CH,266,7,1.86,2.13,0.37,0,1,0,0.999604,2.13,1.49,0.64
193,CH,267,7,1.86,2.13,0,0,1,0,0.999683,2.13,1.86,0.27
194,CH,269,7,1.86,2.13,0.27,0,1,0,0.999746,2.13,1.59,0.54
195,CH,271,4,1.99,2.09,0.1,0.4,1,0,0.999797,1.69,1.89,-0.2
196,CH,272,4,1.99,2.09,0,0.4,0,0,0.999838,1.69,1.99,-0.3
197,CH,274,4,1.99,2.09,0,0.4,0,0,0.99987,1.69,1.99,-0.3
198,CH,275,7,1.99,2.13,0,0.54,1,0,0.999896,1.59,1.99,-0.4
199,CH,276,4,2.09,2.09,0.2,0.4,0,0,0.999917,1.69,1.89,-0.2
200,CH,277,7,1.99,2.13,0.5,0,0,1,0.999934,2.13,1.49,0.64
201,CH,278,4,2.09,2.09,0.2,0,0,0,0.999947,2.09,1.89,0.2
202,MM,229,7,1.69,1.69,0,0.2,0,1,0.68,1.49,1.69,-0.2
203,CH,230,7,1.69,1.99,0,0,0,1,0.544,1.99,1.69,0.3
204,CH,231,7,1.69,1.99,0,0,0,0,0.6352,1.99,1.69,0.3
205,CH,233,7,1.75,1.99,0,0.4,1,0,0.70816,1.59,1.75,-0.16
206,CH,237,7,1.75,1.99,0,0.4,0,0,0.766528,1.59,1.75,-0.16
207,CH,241,7,1.86,2.09,0,0,0,0,0.813222,2.09,1.86,0.23
208,CH,242,7,1.86,2.09,0,0,0,0,0.850578,2.09,1.86,0.23
209,CH,253,7,1.86,2.09,0.1,0,0,0,0.880462,2.09,1.76,0.33
210,CH,256,7,1.86,2.18,0,0,0,0,0.90437,2.18,1.86,0.32
211,CH,258,7,1.86,2.18,0,0,0,0,0.923496,2.18,1.86,0.32
212,CH,259,7,1.86,2.18,0,0,0,0,0.938797,2.18,1.86,0.32
213,CH,260,7,1.86,2.13,0,0.24,0,0,0.951037,1.89,1.86,0.03
214,CH,263,7,1.86,2.13,0.27,0,0,0,0.96083,2.13,1.59,0.54
215,CH,264,7,1.86,2.13,0.37,0,1,0,0.968664,2.13,1.49,0.64
216,CH,265,7,1.86,2.13,0.37,0,1,0,0.974931,2.13,1.49,0.64
217,CH,265,7,1.86,2.13,0.37,0,1,0,0.979945,2.13,1.49,0.64
218,CH,267,7,1.86,2.13,0,0,1,0,0.983956,2.13,1.86,0.27
219,CH,270,7,1.86,2.13,0.27,0,1,0,0.987165,2.13,1.59,0.54
220,CH,272,7,1.86,2.13,0,0,0,0,0.989732,2.13,1.86,0.27
221,CH,274,2,1.96,2.18,0,0.8,0,1,0.991785,1.38,1.96,-0.58
222,MM,228,1,1.69,1.69,0,0,0,0,0.32,1.69,1.69,0
223,CH,234,1,1.69,1.99,0,0,0,0,0.256,1.99,1.69,0.3
224,MM,243,1,1.86,1.99,0,0.8,0,1,0.4048,1.19,1.86,-0.67
225,CH,251,1,1.76,2.09,0,0,0,0,0.32384,2.09,1.76,0.33
226,MM,253,1,1.76,2.09,0,0,0,0,0.459072,2.09,1.76,0.33
227,MM,242,3,1.99,2.23,0,0,0,0,0.5,2.23,1.99,0.24
228,MM,244,3,1.99,2.23,0,0,0,0,0.4,2.23,1.99,0.24
229,MM,247,3,1.99,2.23,0,0,0,0,0.32,2.23,1.99,0.24
230,CH,274,7,1.86,2.13,0.47,0.54,1,0,0.52,1.59,1.39,0.2
231,MM,276,7,1.99,2.13,0,0.54,0,1,0.616,1.59,1.99,-0.4
232,CH,228,7,1.69,1.69,0,0,0,0,0.535142,1.69,1.69,0
233,CH,233,7,1.75,1.99,0,0.4,1,0,0.628114,1.59,1.75,-0.16
234,MM,234,7,1.75,1.99,0,0.4,1,0,0.702491,1.59,1.75,-0.16
235,CH,235,7,1.75,1.99,0,0.4,0,0,0.561993,1.59,1.75,-0.16
236,CH,236,3,1.79,2.09,0,0,0,0,0.649594,2.09,1.79,0.3
237,CH,238,3,1.79,2.09,0,0,0,0,0.719675,2.09,1.79,0.3
238,CH,240,7,1.86,2.09,0,0,0,0,0.77574,2.09,1.86,0.23
239,CH,250,7,1.86,2.09,0,0,0,0,0.820592,2.09,1.86,0.23
240,CH,254,7,1.86,2.18,0,0,0,0,0.856474,2.18,1.86,0.32
241,CH,257,7,1.86,2.18,0,0,0,0,0.885179,2.18,1.86,0.32
242,CH,258,7,1.86,2.18,0,0,0,0,0.908143,2.18,1.86,0.32
243,CH,259,7,1.86,2.18,0,0,0,0,0.926515,2.18,1.86,0.32
244,CH,260,7,1.86,2.13,0,0.24,0,0,0.941212,1.89,1.86,0.03
245,CH,261,7,1.86,2.13,0,0.24,0,0,0.952969,1.89,1.86,0.03
246,CH,262,7,1.86,2.13,0,0,0,0,0.962375,2.13,1.86,0.27
247,CH,264,7,1.86,2.13,0.37,0,1,0,0.9699,2.13,1.49,0.64
248,CH,266,7,1.86,2.13,0.37,0,1,0,0.97592,2.13,1.49,0.64
249,CH,268,7,1.86,2.13,0,0,0,0,0.980736,2.13,1.86,0.27
250,CH,268,7,1.86,2.13,0,0,0,0,0.984589,2.13,1.86,0.27
251,CH,269,7,1.86,2.13,0.27,0,1,0,0.987671,2.13,1.59,0.54
252,CH,270,7,1.86,2.13,0.27,0,1,0,0.990137,2.13,1.59,0.54
253,CH,271,7,1.86,2.13,0,0,0,0,0.99211,2.13,1.86,0.27
254,CH,272,7,1.86,2.13,0,0,0,0,0.993688,2.13,1.86,0.27
255,MM,275,7,1.99,2.13,0,0.54,1,0,0.99495,1.59,1.99,-0.4
256,CH,229,7,1.69,1.69,0,0.2,0,1,0.16384,1.49,1.69,-0.2
257,CH,232,7,1.69,1.99,0,0.4,1,1,0.331072,1.59,1.69,-0.1
258,CH,257,2,1.86,2.18,0,0,0,0,0.5,2.18,1.86,0.32
259,MM,264,3,1.99,2.09,0.1,0,0,0,0.6,2.09,1.89,0.2
260,MM,265,2,1.86,2.18,0,0,0,0,0.48,2.18,1.86,0.32
261,MM,267,2,1.86,2.18,0,0.4,0,1,0.384,1.78,1.86,-0.08
262,CH,270,2,1.86,2.18,0,0,0,0,0.3072,2.18,1.86,0.32
263,CH,272,2,1.86,2.18,0,0.06,0,0,0.44576,2.12,1.86,0.26
264,CH,273,2,1.86,2.18,0,0.06,0,0,0.556608,2.12,1.86,0.26
265,CH,276,2,1.99,2.18,0,0,0,1,0.645286,2.18,1.99,0.19
266,CH,278,2,1.99,2.18,0,0,0,0,0.716229,2.18,1.99,0.19
267,MM,259,2,1.86,2.18,0,0.4,0,1,0.6672,1.78,1.86,-0.08
268,MM,229,3,1.79,1.79,0,0,0,0,0.5648,1.79,1.79,0
269,MM,235,3,1.79,2.09,0,0,0,0,0.45184,2.09,1.79,0.3
270,MM,261,2,1.86,2.18,0,0,0,0,0.53376,2.18,1.86,0.32
271,MM,273,2,1.86,2.18,0,0.06,0,0,0.427008,2.12,1.86,0.26
272,MM,276,3,2.09,2.09,0.2,0.4,0,0,0.341606,1.69,1.89,-0.2
273,MM,278,3,2.09,2.09,0.2,0,0,0,0.273285,2.09,1.89,0.2
274,MM,229,3,1.79,1.79,0,0,0,0,0.027488,1.79,1.79,0
275,MM,234,3,1.79,2.09,0,0,0,0,0.02199,2.09,1.79,0.3
276,MM,239,3,1.79,2.23,0,0,0,0,0.017592,2.23,1.79,0.44
277,MM,240,3,1.79,2.23,0,0,0,0,0.014074,2.23,1.79,0.44
278,MM,240,3,1.79,2.23,0,0,0,0,0.011259,2.23,1.79,0.44
279,MM,241,3,1.79,2.23,0,0,0,0,0.009007,2.23,1.79,0.44
280,MM,242,3,1.99,2.23,0,0,0,0,0.007206,2.23,1.99,0.24
281,MM,243,3,1.99,2.23,0,0,0,0,0.005765,2.23,1.99,0.24
282,MM,244,3,1.99,2.23,0,0,0,0,0.004612,2.23,1.99,0.24
283,MM,247,3,1.99,2.23,0,0,0,0,0.003689,2.23,1.99,0.24
284,MM,248,3,1.99,2.23,0,0,0,0,0.002951,2.23,1.99,0.24
285,MM,250,3,1.99,2.23,0,0,0,0,0.002361,2.23,1.99,0.24
286,MM,253,3,1.99,2.23,0,0,0,0,0.001889,2.23,1.99,0.24
287,MM,259,3,1.99,2.29,0,0,0,0,0.001511,2.29,1.99,0.3
288,MM,261,3,1.99,2.09,0,0,0,0,0.001209,2.09,1.99,0.1
289,MM,263,3,1.99,2.09,0,0,0,0,0.000967,2.09,1.99,0.1
290,MM,264,3,1.99,2.09,0.1,0,0,0,0.000774,2.09,1.89,0.2
291,MM,266,3,1.99,2.09,0.1,0,0,0,0.000619,2.09,1.89,0.2
292,MM,267,3,1.99,2.09,0.1,0,0,0,0.000495,2.09,1.89,0.2
293,MM,270,2,1.86,2.18,0,0,0,0,0.000396,2.18,1.86,0.32
294,MM,273,2,1.86,2.18,0,0.06,0,0,0.000317,2.12,1.86,0.26
295,MM,275,2,1.96,2.18,0,0.8,0,1,0.000254,1.38,1.96,-0.58
296,MM,276,3,2.09,2.09,0.2,0.4,0,0,0.000203,1.69,1.89,-0.2
297,CH,228,2,1.69,1.69,0,0,0,0,0.48,1.69,1.69,0
298,MM,229,2,1.69,1.69,0,0,0,0,0.584,1.69,1.69,0
299,MM,231,2,1.69,1.69,0.3,0,1,0,0.4672,1.69,1.39,0.3
300,MM,233,2,1.69,1.69,0,0,0,0,0.37376,1.69,1.69,0
301,CH,234,3,1.79,2.09,0,0,0,0,0.299008,2.09,1.79,0.3
302,MM,240,2,1.75,1.99,0,0.3,0,1,0.439206,1.69,1.75,-0.06
303,MM,242,2,1.75,1.99,0.16,0.3,0,1,0.351365,1.69,1.59,0.1
304,CH,245,2,1.89,2.09,0,0,0,0,0.281092,2.09,1.89,0.2
305,MM,253,3,1.99,2.23,0,0,0,0,0.424874,2.23,1.99,0.24
306,MM,256,2,1.89,2.18,0.13,0,0,0,0.339899,2.18,1.76,0.42
307,MM,262,2,1.86,2.18,0,0.6,0,1,0.271919,1.58,1.86,-0.28
308,MM,263,2,1.86,2.18,0,0,0,1,0.217535,2.18,1.86,0.32
309,CH,269,3,1.99,2.09,0.1,0,0,0,0.174028,2.09,1.89,0.2
310,CH,270,2,1.86,2.18,0,0,0,0,0.339223,2.18,1.86,0.32
311,CH,272,2,1.86,2.18,0,0.06,0,0,0.471378,2.12,1.86,0.26
312,CH,273,2,1.86,2.18,0,0.06,0,0,0.577102,2.12,1.86,0.26
313,CH,275,2,1.96,2.18,0,0.8,0,1,0.661682,1.38,1.96,-0.58
314,CH,276,2,1.99,2.18,0,0,0,1,0.729346,2.18,1.99,0.19
315,CH,276,2,1.99,2.18,0,0,0,1,0.783476,2.18,1.99,0.19
316,CH,278,2,1.99,2.18,0,0,0,0,0.826781,2.18,1.99,0.19
317,MM,238,3,1.79,2.09,0,0,0,0,0.7952,2.09,1.79,0.3
318,CH,241,3,1.79,2.23,0,0,0,0,0.63616,2.23,1.79,0.44
319,CH,246,3,1.99,2.23,0,0,0,0,0.708928,2.23,1.99,0.24
320,CH,251,3,1.99,2.23,0,0,0,0,0.5,2.23,1.99,0.24
321,CH,257,3,1.99,2.29,0,0.4,0,1,0.6,1.89,1.99,-0.1
322,CH,264,3,1.99,2.09,0.1,0,0,0,0.68,2.09,1.89,0.2
323,MM,271,3,1.99,2.09,0.1,0.4,1,0,0.5,1.69,1.89,-0.2
324,CH,271,3,1.99,2.09,0.1,0.4,1,0,0.4,1.69,1.89,-0.2
325,MM,230,1,1.69,1.69,0,0.2,0,0,0.4,1.49,1.69,-0.2
326,CH,231,1,1.69,1.69,0.3,0.2,1,0,0.32,1.49,1.39,0.1
327,CH,251,1,1.76,2.09,0,0,0,0,0.456,2.09,1.76,0.33
328,CH,266,1,1.86,1.99,0,0.1,0,0,0.5648,1.89,1.86,0.03
329,MM,267,4,1.99,2.09,0.1,0,0,0,0.65184,2.09,1.89,0.2
330,CH,268,7,1.86,2.13,0,0,0,0,0.4,2.13,1.86,0.27
331,MM,262,1,1.76,1.99,0,0.4,0,1,0.5,1.59,1.76,-0.17
332,MM,266,1,1.86,1.99,0,0.1,0,0,0.4,1.89,1.86,0.03
333,MM,229,7,1.69,1.69,0,0.2,0,1,0.149422,1.49,1.69,-0.2
334,MM,236,7,1.75,1.99,0,0.4,0,0,0.119538,1.59,1.75,-0.16
335,MM,237,7,1.75,1.99,0,0.4,0,0,0.09563,1.59,1.75,-0.16
336,MM,238,7,1.75,1.99,0,0.4,0,0,0.076504,1.59,1.75,-0.16
337,MM,242,7,1.86,2.09,0,0,0,0,0.061203,2.09,1.86,0.23
338,MM,254,7,1.86,2.18,0,0,0,0,0.048963,2.18,1.86,0.32
339,MM,255,7,1.86,2.18,0,0,0,0,0.03917,2.18,1.86,0.32
340,CH,233,7,1.75,1.99,0,0.4,1,0,0.744,1.59,1.75,-0.16
341,CH,251,7,1.86,2.09,0.1,0,0,0,0.7952,2.09,1.76,0.33
342,CH,253,7,1.86,2.09,0.1,0,0,0,0.83616,2.09,1.76,0.33
343,CH,254,1,1.76,2.09,0,0,0,0,0.868928,2.09,1.76,0.33
344,CH,260,7,1.86,2.13,0,0.24,0,0,0.895142,1.89,1.86,0.03
345,CH,261,7,1.86,2.13,0,0.24,0,0,0.916114,1.89,1.86,0.03
346,CH,263,7,1.86,2.13,0.27,0,0,0,0.932891,2.13,1.59,0.54
347,CH,264,7,1.86,2.13,0.37,0,1,0,0.946313,2.13,1.49,0.64
348,CH,267,7,1.86,2.13,0,0,1,0,0.95705,2.13,1.86,0.27
349,CH,268,7,1.86,2.13,0,0,0,0,0.96564,2.13,1.86,0.27
350,CH,269,7,1.86,2.13,0.27,0,1,0,0.972512,2.13,1.59,0.54
351,CH,277,7,1.99,2.13,0.5,0,0,1,0.97801,2.13,1.49,0.64
352,CH,278,7,2.06,2.13,0,0,0,0,0.982408,2.13,2.06,0.07
353,CH,230,4,1.79,1.79,0,0,0,0,0.52,1.79,1.79,0
354,MM,273,4,1.99,2.09,0,0.4,0,0,0.616,1.69,1.99,-0.3
355,MM,227,4,1.79,1.79,0,0,0,1,0.5,1.79,1.79,0
356,MM,229,4,1.79,1.79,0,0,0,0,0.4,1.79,1.79,0
357,MM,230,4,1.79,1.79,0,0,0,0,0.32,1.79,1.79,0
358,MM,252,4,1.99,2.23,0,0,0,0,0.5,2.23,1.99,0.24
359,CH,265,4,1.99,2.09,0.1,0,0,0,0.4,2.09,1.89,0.2
360,CH,262,4,1.99,2.09,0,0,0,0,0.6,2.09,1.99,0.1
361,MM,275,7,1.99,2.13,0,0.54,1,0,0.6,1.59,1.99,-0.4
362,MM,259,7,1.86,2.18,0,0,0,0,0.4,2.18,1.86,0.32
363,MM,261,7,1.86,2.13,0,0.24,0,0,0.32,1.89,1.86,0.03
364,MM,240,4,1.79,2.23,0,0,0,0,0.5,2.23,1.79,0.44
365,MM,244,1,1.86,2.09,0,0,0,0,0.4,2.09,1.86,0.23
366,MM,233,7,1.75,1.99,0,0.4,1,0,0.4,1.59,1.75,-0.16
367,MM,256,3,1.99,2.29,0,0,0,0,0.32,2.29,1.99,0.3
368,MM,258,2,1.86,2.18,0,0,0,0,0.256,2.18,1.86,0.32
369,CH,264,7,1.86,2.13,0.37,0,1,0,0.2048,2.13,1.49,0.64
370,CH,266,2,1.86,2.18,0,0,0,0,0.36384,2.18,1.86,0.32
371,MM,267,1,1.86,1.99,0,0.2,0,1,0.491072,1.79,1.86,-0.07
372,MM,274,2,1.96,2.18,0,0.8,0,1,0.392858,1.38,1.96,-0.58
373,CH,274,7,1.86,2.13,0.47,0.54,1,0,0.314286,1.59,1.39,0.2
374,MM,228,1,1.69,1.69,0,0,0,0,0.5,1.69,1.69,0
375,MM,237,2,1.75,1.99,0,0,0,0,0.4,1.99,1.75,0.24
376,CH,258,1,1.76,2.18,0,0,0,0,0.32,2.18,1.76,0.42
377,MM,228,2,1.69,1.69,0,0,0,0,0.256,1.69,1.69,0
378,MM,229,2,1.69,1.69,0,0,0,0,0.2048,1.69,1.69,0
379,MM,236,2,1.75,1.99,0,0,0,0,0.16384,1.99,1.75,0.24
380,MM,242,2,1.75,1.99,0.16,0.3,0,1,0.131072,1.69,1.59,0.1
381,CH,254,2,1.89,2.09,0.13,0,0,0,0.104858,2.09,1.76,0.33
382,CH,257,2,1.86,2.18,0,0,0,0,0.283886,2.18,1.86,0.32
383,MM,260,2,1.86,2.18,0,0.7,0,0,0.427109,1.48,1.86,-0.38
384,CH,227,7,1.69,1.69,0,0,0,1,0.072993,1.69,1.69,0
385,MM,227,2,1.69,1.69,0,0,0,0,0.258395,1.69,1.69,0
386,MM,228,2,1.69,1.69,0,0,0,0,0.206716,1.69,1.69,0
387,MM,229,2,1.69,1.69,0,0,0,0,0.165373,1.69,1.69,0
388,MM,230,7,1.69,1.99,0,0,0,1,0.132298,1.99,1.69,0.3
389,MM,233,2,1.69,1.69,0,0,0,0,0.105838,1.69,1.69,0
390,CH,235,7,1.75,1.99,0,0.4,0,0,0.084671,1.59,1.75,-0.16
391,MM,236,2,1.75,1.99,0,0,0,0,0.267737,1.99,1.75,0.24
392,MM,237,2,1.75,1.99,0,0,0,0,0.214189,1.99,1.75,0.24
393,MM,237,2,1.75,1.99,0,0,0,0,0.171351,1.99,1.75,0.24
394,CH,239,7,1.79,2.09,0,0,0,0,0.137081,2.09,1.79,0.3
395,MM,240,7,1.86,2.09,0,0,0,0,0.309665,2.09,1.86,0.23
396,MM,242,2,1.75,1.99,0.16,0.3,0,1,0.247732,1.69,1.59,0.1
397,CH,257,7,1.86,2.18,0,0,0,0,0.198186,2.18,1.86,0.32
398,MM,258,7,1.86,2.18,0,0,0,0,0.358548,2.18,1.86,0.32
399,CH,264,7,1.86,2.13,0.37,0,1,0,0.286839,2.13,1.49,0.64
400,MM,271,7,1.86,2.13,0,0,0,0,0.429471,2.13,1.86,0.27
401,MM,272,3,1.99,2.09,0,0.4,0,0,0.343577,1.69,1.99,-0.3
402,MM,272,2,1.86,2.18,0,0.06,0,0,0.274861,2.12,1.86,0.26
403,MM,274,7,1.86,2.13,0.47,0.54,1,0,0.219889,1.59,1.39,0.2
404,MM,274,2,1.96,2.18,0,0.8,0,1,0.175911,1.38,1.96,-0.58
405,MM,275,7,1.99,2.13,0,0.54,1,0,0.140729,1.59,1.99,-0.4
406,MM,276,7,1.99,2.13,0,0.54,0,1,0.112583,1.59,1.99,-0.4
407,MM,227,1,1.69,1.69,0,0,0,0,0.433472,1.69,1.69,0
408,MM,236,1,1.75,1.99,0,0,0,0,0.346778,1.99,1.75,0.24
409,CH,243,1,1.86,1.99,0,0.8,0,1,0.277422,1.19,1.86,-0.67
410,MM,255,7,1.86,2.18,0,0,0,0,0.421938,2.18,1.86,0.32
411,MM,261,7,1.86,2.13,0,0.24,0,0,0.33755,1.89,1.86,0.03
412,MM,230,3,1.79,1.79,0,0,0,0,0.283886,1.79,1.79,0
413,MM,234,7,1.75,1.99,0,0.4,1,0,0.227109,1.59,1.75,-0.16
414,MM,235,3,1.79,2.09,0,0,0,0,0.181687,2.09,1.79,0.3
415,MM,238,3,1.79,2.09,0,0,0,0,0.14535,2.09,1.79,0.3
416,MM,241,3,1.79,2.23,0,0,0,0,0.11628,2.23,1.79,0.44
417,MM,244,7,1.86,2.09,0,0.2,0,0,0.093024,1.89,1.86,0.03
418,MM,257,3,1.99,2.29,0,0.4,0,1,0.074419,1.89,1.99,-0.1
419,MM,258,2,1.86,2.18,0,0,0,0,0.059535,2.18,1.86,0.32
420,MM,259,3,1.99,2.29,0,0,0,0,0.047628,2.29,1.99,0.3
421,MM,260,3,1.99,2.09,0,0,0,0,0.038103,2.09,1.99,0.1
422,MM,261,3,1.99,2.09,0,0,0,0,0.030482,2.09,1.99,0.1
423,CH,232,2,1.69,1.69,0,0,1,0,0.4352,1.69,1.69,0
424,CH,235,2,1.69,1.99,0,0,0,0,0.54816,1.99,1.69,0.3
425,CH,242,3,1.99,2.23,0,0,0,0,0.416,2.23,1.99,0.24
426,CH,277,3,2.09,2.09,0.2,0.4,0,0,0.5328,1.69,1.89,-0.2
427,CH,262,4,1.99,2.09,0,0,0,0,0.104858,2.09,1.99,0.1
428,CH,264,7,1.86,2.13,0.37,0,1,0,0.283886,2.13,1.49,0.64
429,MM,265,7,1.86,2.13,0.37,0,1,0,0.427109,2.13,1.49,0.64
430,MM,267,4,1.99,2.09,0.1,0,0,0,0.341687,2.09,1.89,0.2
431,MM,270,4,1.99,2.09,0.1,0,0,0,0.27335,2.09,1.89,0.2
432,MM,272,7,1.86,2.13,0,0,0,0,0.21868,2.13,1.86,0.27
433,CH,234,7,1.75,1.99,0,0.4,1,0,0.5,1.59,1.75,-0.16
434,MM,243,1,1.86,1.99,0,0.8,0,1,0.6,1.19,1.86,-0.67
435,MM,257,4,1.99,2.29,0,0.4,0,1,0.48,1.89,1.99,-0.1
436,MM,261,1,1.76,1.99,0,0,0,0,0.384,1.99,1.76,0.23
437,CH,265,1,1.76,1.99,0,0.1,0,0,0.3072,1.89,1.76,0.13
438,MM,275,1,1.96,2.13,0,0.74,0,1,0.44576,1.39,1.96,-0.57
439,MM,243,1,1.86,1.99,0,0.8,0,1,0.6,1.19,1.86,-0.67
440,CH,251,1,1.76,2.09,0,0,0,0,0.48,2.09,1.76,0.33
441,CH,256,1,1.76,2.18,0,0,0,0,0.584,2.18,1.76,0.42
442,CH,257,1,1.76,2.18,0,0,0,0,0.6672,2.18,1.76,0.42
443,CH,258,1,1.76,2.18,0,0,0,0,0.73376,2.18,1.76,0.42
444,CH,261,1,1.76,1.99,0,0,0,0,0.787008,1.99,1.76,0.23
445,CH,266,1,1.86,1.99,0,0.1,0,0,0.829606,1.89,1.86,0.03
446,MM,275,1,1.96,2.13,0,0.74,0,1,0.863685,1.39,1.96,-0.57
447,CH,233,7,1.75,1.99,0,0.4,1,0,0.524608,1.59,1.75,-0.16
448,CH,256,7,1.86,2.18,0,0,0,0,0.619686,2.18,1.86,0.32
449,MM,260,3,1.99,2.09,0,0,0,0,0.695749,2.09,1.99,0.1
450,MM,262,2,1.86,2.18,0,0.6,0,1,0.556599,1.58,1.86,-0.28
451,MM,263,2,1.86,2.18,0,0,0,1,0.445279,2.18,1.86,0.32
452,CH,264,7,1.86,2.13,0.37,0,1,0,0.356224,2.13,1.49,0.64
453,CH,267,2,1.86,2.18,0,0.4,0,1,0.484979,1.78,1.86,-0.08
454,CH,268,2,1.86,2.18,0,0,0,1,0.587983,2.18,1.86,0.32
455,MM,271,3,1.99,2.09,0.1,0.4,1,0,0.670386,1.69,1.89,-0.2
456,CH,272,2,1.86,2.18,0,0.06,0,0,0.536309,2.12,1.86,0.26
457,CH,274,7,1.86,2.13,0.47,0.54,1,0,0.629047,1.59,1.39,0.2
458,MM,275,7,1.99,2.13,0,0.54,1,0,0.703238,1.59,1.99,-0.4
459,MM,275,2,1.96,2.18,0,0.8,0,1,0.56259,1.38,1.96,-0.58
460,MM,277,3,2.09,2.09,0.2,0.4,0,0,0.450072,1.69,1.89,-0.2
461,MM,246,2,1.89,2.09,0,0,0,0,0.48,2.09,1.89,0.2
462,CH,227,4,1.79,1.79,0,0,0,1,0.48,1.79,1.79,0
463,CH,228,7,1.69,1.69,0,0,0,0,0.584,1.69,1.69,0
464,CH,255,7,1.86,2.18,0,0,0,0,0.6672,2.18,1.86,0.32
465,CH,265,7,1.86,2.13,0.37,0,1,0,0.73376,2.13,1.49,0.64
466,CH,267,7,1.86,2.13,0,0,1,0,0.787008,2.13,1.86,0.27
467,CH,269,7,1.86,2.13,0.27,0,1,0,0.829606,2.13,1.59,0.54
468,CH,271,7,1.86,2.13,0,0,0,0,0.863685,2.13,1.86,0.27
469,CH,272,7,1.86,2.13,0,0,0,0,0.890948,2.13,1.86,0.27
470,CH,274,7,1.86,2.13,0.47,0.54,1,0,0.912758,1.59,1.39,0.2
471,CH,274,7,1.86,2.13,0.47,0.54,1,0,0.5,1.59,1.39,0.2
472,MM,275,2,1.96,2.18,0,0.8,0,1,0.6,1.38,1.96,-0.58
473,MM,276,7,1.99,2.13,0,0.54,0,1,0.48,1.59,1.99,-0.4
474,CH,277,7,1.99,2.13,0.5,0,0,1,0.384,2.13,1.49,0.64
475,MM,246,7,1.86,2.09,0,0,0,0,0.256,2.09,1.86,0.23
476,CH,253,7,1.86,2.09,0.1,0,0,0,0.4,2.09,1.76,0.33
477,CH,266,7,1.86,2.13,0.37,0,1,0,0.52,2.13,1.49,0.64
478,CH,266,7,1.86,2.13,0.37,0,1,0,0.616,2.13,1.49,0.64
479,CH,267,7,1.86,2.13,0,0,1,0,0.6928,2.13,1.86,0.27
480,CH,269,7,1.86,2.13,0.27,0,1,0,0.75424,2.13,1.59,0.54
481,CH,274,7,1.86,2.13,0.47,0.54,1,0,0.803392,1.59,1.39,0.2
482,CH,253,2,1.89,2.09,0.13,0,0,0,0.6,2.09,1.76,0.33
483,CH,255,2,1.89,2.18,0.13,0,0,0,0.68,2.18,1.76,0.42
484,CH,264,2,1.86,2.18,0,0,0,0,0.584,2.18,1.86,0.32
485,CH,235,3,1.79,2.09,0,0,0,0,0.5,2.09,1.79,0.3
486,CH,236,3,1.79,2.09,0,0,0,0,0.6,2.09,1.79,0.3
487,CH,237,2,1.75,1.99,0,0,0,0,0.68,1.99,1.75,0.24
488,CH,238,2,1.75,1.99,0,0,0,0,0.744,1.99,1.75,0.24
489,CH,239,3,1.79,2.23,0,0,0,0,0.7952,2.23,1.79,0.44
490,CH,240,2,1.75,1.99,0,0.3,0,1,0.83616,1.69,1.75,-0.06
491,CH,241,3,1.79,2.23,0,0,0,0,0.868928,2.23,1.79,0.44
492,CH,242,2,1.75,1.99,0.16,0.3,0,1,0.895142,1.69,1.59,0.1
493,CH,245,3,1.99,2.23,0,0,0,0,0.916114,2.23,1.99,0.24
494,CH,246,3,1.99,2.23,0,0,0,0,0.5,2.23,1.99,0.24
495,MM,267,3,1.99,2.09,0.1,0,0,0,0.6,2.09,1.89,0.2
496,MM,232,2,1.69,1.69,0,0,1,0,0.5,1.69,1.69,0
497,MM,262,2,1.86,2.18,0,0.6,0,1,0.4,1.58,1.86,-0.28
498,MM,267,2,1.86,2.18,0,0.4,0,1,0.32,1.78,1.86,-0.08
499,MM,274,2,1.96,2.18,0,0.8,0,1,0.256,1.38,1.96,-0.58
500,MM,276,7,1.99,2.13,0,0.54,0,1,0.2048,1.59,1.99,-0.4
501,CH,229,3,1.79,1.79,0,0,0,0,0.4,1.79,1.79,0
502,CH,232,3,1.79,2.09,0,0,0,0,0.52,2.09,1.79,0.3
503,CH,235,3,1.79,2.09,0,0,0,0,0.616,2.09,1.79,0.3
504,CH,240,3,1.79,2.23,0,0,0,0,0.6928,2.23,1.79,0.44
505,CH,244,3,1.99,2.23,0,0,0,0,0.75424,2.23,1.99,0.24
506,CH,248,3,1.99,2.23,0,0,0,0,0.803392,2.23,1.99,0.24
507,CH,249,3,1.99,2.23,0,0,0,0,0.842714,2.23,1.99,0.24
508,CH,252,3,1.99,2.23,0,0,0,0,0.874171,2.23,1.99,0.24
509,CH,255,3,1.99,2.29,0,0,0,0,0.899337,2.29,1.99,0.3
510,CH,258,3,1.99,2.29,0,0,0,0,0.919469,2.29,1.99,0.3
511,CH,260,3,1.99,2.09,0,0,0,0,0.935575,2.09,1.99,0.1
512,CH,263,3,1.99,2.09,0,0,0,0,0.94846,2.09,1.99,0.1
513,CH,266,3,1.99,2.09,0.1,0,0,0,0.958768,2.09,1.89,0.2
514,CH,269,3,1.99,2.09,0.1,0,0,0,0.967015,2.09,1.89,0.2
515,CH,271,3,1.99,2.09,0.1,0.4,1,0,0.973612,1.69,1.89,-0.2
516,CH,274,3,1.99,2.09,0,0.4,0,0,0.978889,1.69,1.99,-0.3
517,CH,276,3,2.09,2.09,0.2,0.4,0,0,0.983112,1.69,1.89,-0.2
518,CH,278,3,2.09,2.09,0.2,0,0,0,0.986489,2.09,1.89,0.2
519,CH,231,2,1.69,1.69,0.3,0,1,0,0.5,1.69,1.39,0.3
520,CH,257,2,1.86,2.18,0,0,0,0,0.6,2.18,1.86,0.32
521,CH,259,2,1.86,2.18,0,0.4,0,1,0.68,1.78,1.86,-0.08
522,MM,275,2,1.96,2.18,0,0.8,0,1,0.744,1.38,1.96,-0.58
523,MM,241,1,1.86,1.99,0,0.3,0,1,0.5,1.69,1.86,-0.17
524,MM,277,7,1.99,2.13,0.5,0,0,1,0.4,2.13,1.49,0.64
525,MM,262,1,1.76,1.99,0,0.4,0,1,0.5,1.59,1.76,-0.17
526,MM,263,1,1.76,1.99,0,0.4,0,1,0.4,1.59,1.76,-0.17
527,CH,242,3,1.99,2.23,0,0,0,0,0.6,2.23,1.99,0.24
528,CH,247,2,1.89,2.09,0,0,0,0,0.68,2.09,1.89,0.2
529,CH,250,2,1.89,2.09,0,0,0,0,0.744,2.09,1.89,0.2
530,CH,236,7,1.75,1.99,0,0.4,0,0,0.6,1.59,1.75,-0.16
531,MM,236,2,1.75,1.99,0,0,0,0,0.68,1.99,1.75,0.24
532,CH,237,7,1.75,1.99,0,0.4,0,0,0.544,1.59,1.75,-0.16
533,CH,238,4,1.79,2.09,0,0,0,0,0.6352,2.09,1.79,0.3
534,CH,239,2,1.75,1.99,0,0.3,0,1,0.70816,1.69,1.75,-0.06
535,CH,254,7,1.86,2.18,0,0,0,0,0.766528,2.18,1.86,0.32
536,CH,263,7,1.86,2.13,0.27,0,0,0,0.813222,2.13,1.59,0.54
537,CH,264,7,1.86,2.13,0.37,0,1,0,0.850578,2.13,1.49,0.64
538,CH,266,4,1.99,2.09,0.1,0,0,0,0.880462,2.09,1.89,0.2
539,CH,259,7,1.86,2.18,0,0,0,0,0.32,2.18,1.86,0.32
540,MM,274,7,1.86,2.13,0.47,0.54,1,0,0.5,1.59,1.39,0.2
541,CH,274,7,1.86,2.13,0.47,0.54,1,0,0.4,1.59,1.39,0.2
542,CH,259,7,1.86,2.18,0,0,0,0,0.5,2.18,1.86,0.32
543,CH,274,7,1.86,2.13,0.47,0.54,1,0,0.6,1.59,1.39,0.2
544,MM,228,3,1.79,1.79,0,0,0,0,0.26624,1.79,1.79,0
545,MM,231,2,1.69,1.69,0.3,0,1,0,0.212992,1.69,1.39,0.3
546,MM,232,2,1.69,1.69,0,0,1,0,0.170394,1.69,1.69,0
547,MM,234,2,1.69,1.99,0,0,0,0,0.136315,1.99,1.69,0.3
548,MM,235,2,1.69,1.99,0,0,0,0,0.109052,1.99,1.69,0.3
549,MM,236,2,1.75,1.99,0,0,0,0,0.087242,1.99,1.75,0.24
550,MM,236,7,1.75,1.99,0,0.4,0,0,0.069793,1.59,1.75,-0.16
551,MM,238,2,1.75,1.99,0,0,0,0,0.055835,1.99,1.75,0.24
552,MM,239,2,1.75,1.99,0,0.3,0,1,0.044668,1.69,1.75,-0.06
553,CH,241,1,1.86,1.99,0,0.3,0,1,0.035734,1.69,1.86,-0.17
554,MM,245,2,1.89,2.09,0,0,0,0,0.228587,2.09,1.89,0.2
555,CH,251,2,1.89,2.09,0.13,0,0,0,0.18287,2.09,1.76,0.33
556,CH,258,7,1.86,2.18,0,0,0,0,0.346296,2.18,1.86,0.32
557,MM,275,1,1.96,2.13,0,0.74,0,1,0.477037,1.39,1.96,-0.57
558,MM,276,1,1.99,2.13,0,0,0,1,0.381629,2.13,1.99,0.14
559,CH,233,7,1.75,1.99,0,0.4,1,0,0.5,1.59,1.75,-0.16
560,CH,270,7,1.86,2.13,0.27,0,1,0,0.6,2.13,1.59,0.54
561,MM,245,2,1.89,2.09,0,0,0,0,0.5,2.09,1.89,0.2
562,CH,278,7,2.06,2.13,0,0,0,0,0.4,2.13,2.06,0.07
563,CH,230,4,1.79,1.79,0,0,0,0,0.6672,1.79,1.79,0
564,CH,253,1,1.76,2.09,0,0,0,0,0.5,2.09,1.76,0.33
565,CH,266,7,1.86,2.13,0.37,0,1,0,0.6,2.13,1.49,0.64
566,MM,227,4,1.79,1.79,0,0,0,1,0.4,1.79,1.79,0
567,MM,233,7,1.75,1.99,0,0.4,1,0,0.4,1.59,1.75,-0.16
568,CH,277,7,1.99,2.13,0.5,0,0,1,0.32,2.13,1.49,0.64
569,MM,247,1,1.86,2.09,0,0,0,0,0.5,2.09,1.86,0.23
570,MM,253,1,1.76,2.09,0,0,0,0,0.4,2.09,1.76,0.33
571,MM,236,3,1.79,2.09,0,0,0,0,0.077677,2.09,1.79,0.3
572,CH,237,3,1.79,2.09,0,0,0,0,0.062142,2.09,1.79,0.3
573,MM,240,3,1.79,2.23,0,0,0,0,0.249713,2.23,1.79,0.44
574,CH,255,3,1.99,2.29,0,0,0,0,0.199771,2.29,1.99,0.3
575,MM,256,3,1.99,2.29,0,0,0,0,0.359817,2.29,1.99,0.3
576,CH,270,3,1.99,2.09,0.1,0,0,0,0.287853,2.09,1.89,0.2
577,CH,230,7,1.69,1.99,0,0,0,1,0.6,1.99,1.69,0.3
578,CH,250,7,1.86,2.09,0,0,0,0,0.5,2.09,1.86,0.23
579,CH,272,7,1.86,2.13,0,0,0,0,0.6,2.13,1.86,0.27
580,CH,254,7,1.86,2.18,0,0,0,0,0.5,2.18,1.86,0.32
581,CH,255,7,1.86,2.18,0,0,0,0,0.6,2.18,1.86,0.32
582,CH,258,7,1.86,2.18,0,0,0,0,0.68,2.18,1.86,0.32
583,CH,260,7,1.86,2.13,0,0.24,0,0,0.744,1.89,1.86,0.03
584,CH,263,7,1.86,2.13,0.27,0,0,0,0.7952,2.13,1.59,0.54
585,CH,264,7,1.86,2.13,0.37,0,1,0,0.83616,2.13,1.49,0.64
586,CH,265,7,1.86,2.13,0.37,0,1,0,0.868928,2.13,1.49,0.64
587,CH,272,7,1.86,2.13,0,0,0,0,0.895142,2.13,1.86,0.27
588,CH,231,1,1.69,1.69,0.3,0.2,1,0,0.5,1.49,1.39,0.1
589,MM,234,7,1.75,1.99,0,0.4,1,0,0.6,1.59,1.75,-0.16
590,CH,251,7,1.86,2.09,0.1,0,0,0,0.48,2.09,1.76,0.33
591,CH,253,7,1.86,2.09,0.1,0,0,0,0.584,2.09,1.76,0.33
592,CH,254,7,1.86,2.18,0,0,0,0,0.6672,2.18,1.86,0.32
593,CH,254,7,1.86,2.18,0,0,0,0,0.73376,2.18,1.86,0.32
594,CH,255,7,1.86,2.18,0,0,0,0,0.787008,2.18,1.86,0.32
595,CH,256,7,1.86,2.18,0,0,0,0,0.829606,2.18,1.86,0.32
596,CH,257,7,1.86,2.18,0,0,0,0,0.863685,2.18,1.86,0.32
597,CH,258,7,1.86,2.18,0,0,0,0,0.890948,2.18,1.86,0.32
598,CH,259,7,1.86,2.18,0,0,0,0,0.912758,2.18,1.86,0.32
599,CH,259,7,1.86,2.18,0,0,0,0,0.930207,2.18,1.86,0.32
600,CH,260,7,1.86,2.13,0,0.24,0,0,0.944165,1.89,1.86,0.03
601,CH,260,7,1.86,2.13,0,0.24,0,0,0.955332,1.89,1.86,0.03
602,CH,261,7,1.86,2.13,0,0.24,0,0,0.964266,1.89,1.86,0.03
603,CH,262,7,1.86,2.13,0,0,0,0,0.971413,2.13,1.86,0.27
604,CH,262,7,1.86,2.13,0,0,0,0,0.97713,2.13,1.86,0.27
605,CH,264,7,1.86,2.13,0.37,0,1,0,0.981704,2.13,1.49,0.64
606,CH,265,7,1.86,2.13,0.37,0,1,0,0.985363,2.13,1.49,0.64
607,CH,266,1,1.86,1.99,0,0.1,0,0,0.988291,1.89,1.86,0.03
608,CH,267,7,1.86,2.13,0,0,1,0,0.990633,2.13,1.86,0.27
609,CH,269,7,1.86,2.13,0.27,0,1,0,0.992506,2.13,1.59,0.54
610,CH,277,7,1.99,2.13,0.5,0,0,1,0.994005,2.13,1.49,0.64
611,MM,251,7,1.86,2.09,0.1,0,0,0,0.6,2.09,1.76,0.33
612,CH,233,7,1.75,1.99,0,0.4,1,0,0.2048,1.59,1.75,-0.16
613,CH,259,7,1.86,2.18,0,0,0,0,0.36384,2.18,1.86,0.32
614,CH,259,7,1.86,2.18,0,0,0,0,0.491072,2.18,1.86,0.32
615,CH,260,7,1.86,2.13,0,0.24,0,0,0.592858,1.89,1.86,0.03
616,CH,262,7,1.86,2.13,0,0,0,0,0.674286,2.13,1.86,0.27
617,CH,262,7,1.86,2.13,0,0,0,0,0.739429,2.13,1.86,0.27
618,CH,264,1,1.76,1.99,0,0.4,0,0,0.791543,1.59,1.76,-0.17
619,CH,265,1,1.76,1.99,0,0.1,0,0,0.833234,1.89,1.76,0.13
620,CH,267,7,1.86,2.13,0,0,1,0,0.866588,2.13,1.86,0.27
621,CH,269,7,1.86,2.13,0.27,0,1,0,0.89327,2.13,1.59,0.54
622,CH,270,1,1.86,2.18,0,0,0,0,0.914616,2.18,1.86,0.32
623,CH,271,1,1.86,2.18,0,0,0,0,0.931693,2.18,1.86,0.32
624,CH,272,1,1.86,2.18,0,0,0,0,0.945354,2.18,1.86,0.32
625,CH,272,1,1.86,2.18,0,0,0,0,0.956283,2.18,1.86,0.32
626,CH,273,7,1.86,2.13,0,0.54,0,0,0.965027,1.59,1.86,-0.27
627,CH,274,7,1.86,2.13,0.47,0.54,1,0,0.972021,1.59,1.39,0.2
628,MM,242,2,1.75,1.99,0.16,0.3,0,1,0.4,1.69,1.59,0.1
629,CH,256,2,1.89,2.18,0.13,0,0,0,0.32,2.18,1.76,0.42
630,MM,260,2,1.86,2.18,0,0.7,0,0,0.456,1.48,1.86,-0.38
631,CH,246,3,1.99,2.23,0,0,0,0,0.5,2.23,1.99,0.24
632,CH,274,7,1.86,2.13,0.47,0.54,1,0,0.6,1.59,1.39,0.2
633,MM,242,1,1.86,1.99,0,0.3,0,1,0.3072,1.69,1.86,-0.17
634,CH,239,3,1.79,2.23,0,0,0,0,0.813222,2.23,1.79,0.44
635,CH,241,3,1.79,2.23,0,0,0,0,0.850578,2.23,1.79,0.44
636,CH,244,3,1.99,2.23,0,0,0,0,0.880462,2.23,1.99,0.24
637,CH,268,3,1.99,2.09,0.1,0,0,0,0.90437,2.09,1.89,0.2
638,CH,237,3,1.79,2.09,0,0,0,0,0.540992,2.09,1.79,0.3
639,MM,248,3,1.99,2.23,0,0,0,0,0.5,2.23,1.99,0.24
640,MM,262,2,1.86,2.18,0,0.6,0,1,0.4,1.58,1.86,-0.28
641,CH,233,3,1.79,2.09,0,0,0,0,0.5072,2.09,1.79,0.3
642,MM,236,2,1.75,1.99,0,0,0,0,0.60576,1.99,1.75,0.24
643,CH,237,2,1.75,1.99,0,0,0,0,0.484608,1.99,1.75,0.24
644,CH,238,2,1.75,1.99,0,0,0,0,0.587686,1.99,1.75,0.24
645,CH,239,3,1.79,2.23,0,0,0,0,0.670149,2.23,1.79,0.44
646,CH,240,2,1.75,1.99,0,0.3,0,1,0.736119,1.69,1.75,-0.06
647,CH,241,3,1.79,2.23,0,0,0,0,0.788895,2.23,1.79,0.44
648,CH,247,3,1.99,2.23,0,0,0,0,0.831116,2.23,1.99,0.24
649,CH,248,3,1.99,2.23,0,0,0,0,0.864893,2.23,1.99,0.24
650,CH,249,2,1.89,2.09,0,0,0,0,0.891914,2.09,1.89,0.2
651,CH,251,2,1.89,2.09,0.13,0,0,0,0.913532,2.09,1.76,0.33
652,CH,254,2,1.89,2.09,0.13,0,0,0,0.930825,2.09,1.76,0.33
653,CH,260,2,1.86,2.18,0,0.7,0,0,0.94466,1.48,1.86,-0.38
654,CH,261,2,1.86,2.18,0,0,0,0,0.955728,2.18,1.86,0.32
655,CH,262,3,1.99,2.09,0,0,0,0,0.964583,2.09,1.99,0.1
656,CH,266,2,1.86,2.18,0,0,0,0,0.971666,2.18,1.86,0.32
657,CH,269,2,1.86,2.18,0,0,0,0,0.977333,2.18,1.86,0.32
658,CH,270,2,1.86,2.18,0,0,0,0,0.981866,2.18,1.86,0.32
659,MM,271,2,1.86,2.18,0,0.06,0,0,0.985493,2.12,1.86,0.26
660,CH,271,2,1.86,2.18,0,0.06,0,0,0.788394,2.12,1.86,0.26
661,CH,253,1,1.76,2.09,0,0,0,0,0.6,2.09,1.76,0.33
662,CH,266,7,1.86,2.13,0.37,0,1,0,0.68,2.13,1.49,0.64
663,CH,265,7,1.86,2.13,0.37,0,1,0,0.4,2.13,1.49,0.64
664,CH,267,7,1.86,2.13,0,0,1,0,0.52,2.13,1.86,0.27
665,MM,228,2,1.69,1.69,0,0,0,0,0.5,1.69,1.69,0
666,MM,243,1,1.86,1.99,0,0.8,0,1,0.4,1.19,1.86,-0.67
667,MM,256,2,1.89,2.18,0.13,0,0,0,0.4,2.18,1.76,0.42
668,MM,259,2,1.86,2.18,0,0.4,0,1,0.32,1.78,1.86,-0.08
669,MM,261,2,1.86,2.18,0,0,0,0,0.256,2.18,1.86,0.32
670,CH,254,4,1.99,2.29,0,0,1,0,0.5,2.29,1.99,0.3
671,CH,260,1,1.76,1.99,0,0.2,0,0,0.6,1.79,1.76,0.03
672,CH,266,1,1.86,1.99,0,0.1,0,0,0.68,1.89,1.86,0.03
673,MM,267,1,1.86,1.99,0,0.2,0,1,0.744,1.79,1.86,-0.07
674,MM,268,1,1.86,1.99,0,0.2,0,1,0.5952,1.79,1.86,-0.07
675,CH,270,1,1.86,2.18,0,0,0,0,0.47616,2.18,1.86,0.32
676,CH,273,1,1.86,2.18,0,0,0,0,0.580928,2.18,1.86,0.32
677,CH,274,1,1.96,2.13,0,0.74,0,1,0.664742,1.39,1.96,-0.57
678,MM,274,1,1.96,2.13,0,0.74,0,1,0.731794,1.39,1.96,-0.57
679,CH,277,1,1.99,2.13,0.24,0,0,0,0.585435,2.13,1.75,0.38
680,MM,235,7,1.75,1.99,0,0.4,0,0,0.4,1.59,1.75,-0.16
681,MM,240,7,1.86,2.09,0,0,0,0,0.32,2.09,1.86,0.23
682,MM,242,3,1.99,2.23,0,0,0,0,0.256,2.23,1.99,0.24
683,MM,243,7,1.86,2.09,0,0.2,0,0,0.2048,1.89,1.86,0.03
684,MM,254,7,1.86,2.18,0,0,0,0,0.16384,2.18,1.86,0.32
685,MM,256,7,1.86,2.18,0,0,0,0,0.131072,2.18,1.86,0.32
686,MM,259,7,1.86,2.18,0,0,0,0,0.104858,2.18,1.86,0.32
687,MM,260,7,1.86,2.13,0,0.24,0,0,0.083886,1.89,1.86,0.03
688,MM,278,7,2.06,2.13,0,0,0,0,0.067109,2.13,2.06,0.07
689,MM,227,3,1.79,1.79,0,0,0,1,0.053687,1.79,1.79,0
690,MM,228,3,1.79,1.79,0,0,0,0,0.04295,1.79,1.79,0
691,MM,229,3,1.79,1.79,0,0,0,0,0.03436,1.79,1.79,0
692,MM,230,3,1.79,1.79,0,0,0,0,0.027488,1.79,1.79,0
693,MM,231,3,1.79,1.79,0,0,0,0,0.02199,1.79,1.79,0
694,MM,232,3,1.79,2.09,0,0,0,0,0.017592,2.09,1.79,0.3
695,MM,233,3,1.79,2.09,0,0,0,0,0.014074,2.09,1.79,0.3
696,MM,234,3,1.79,2.09,0,0,0,0,0.011259,2.09,1.79,0.3
697,MM,235,3,1.79,2.09,0,0,0,0,0.009007,2.09,1.79,0.3
698,MM,236,3,1.79,2.09,0,0,0,0,0.007206,2.09,1.79,0.3
699,MM,241,3,1.79,2.23,0,0,0,0,0.005765,2.23,1.79,0.44
700,MM,245,3,1.99,2.23,0,0,0,0,0.004612,2.23,1.99,0.24
701,MM,247,3,1.99,2.23,0,0,0,0,0.003689,2.23,1.99,0.24
702,MM,248,3,1.99,2.23,0,0,0,0,0.002951,2.23,1.99,0.24
703,MM,249,3,1.99,2.23,0,0,0,0,0.002361,2.23,1.99,0.24
704,MM,250,3,1.99,2.23,0,0,0,0,0.001889,2.23,1.99,0.24
705,MM,254,3,1.99,2.29,0,0,1,0,0.001511,2.29,1.99,0.3
706,MM,255,3,1.99,2.29,0,0,0,0,0.001209,2.29,1.99,0.3
707,MM,256,3,1.99,2.29,0,0,0,0,0.000967,2.29,1.99,0.3
708,MM,257,3,1.99,2.29,0,0.4,0,1,0.000774,1.89,1.99,-0.1
709,MM,259,3,1.99,2.29,0,0,0,0,0.000619,2.29,1.99,0.3
710,MM,259,3,1.99,2.29,0,0,0,0,0.000495,2.29,1.99,0.3
711,MM,260,3,1.99,2.09,0,0,0,0,0.000396,2.09,1.99,0.1
712,MM,263,3,1.99,2.09,0,0,0,0,0.000317,2.09,1.99,0.1
713,MM,264,3,1.99,2.09,0.1,0,0,0,0.000254,2.09,1.89,0.2
714,MM,265,3,1.99,2.09,0.1,0,0,0,0.000203,2.09,1.89,0.2
715,MM,266,3,1.99,2.09,0.1,0,0,0,0.000162,2.09,1.89,0.2
716,MM,267,3,1.99,2.09,0.1,0,0,0,0.00013,2.09,1.89,0.2
717,MM,267,3,1.99,2.09,0.1,0,0,0,0.000104,2.09,1.89,0.2
718,MM,268,3,1.99,2.09,0.1,0,0,0,8.30E-05,2.09,1.89,0.2
719,MM,269,3,1.99,2.09,0.1,0,0,0,6.60E-05,2.09,1.89,0.2
720,MM,269,3,1.99,2.09,0.1,0,0,0,5.30E-05,2.09,1.89,0.2
721,MM,270,3,1.99,2.09,0.1,0,0,0,4.30E-05,2.09,1.89,0.2
722,MM,271,3,1.99,2.09,0.1,0.4,1,0,3.40E-05,1.69,1.89,-0.2
723,MM,272,3,1.99,2.09,0,0.4,0,0,2.70E-05,1.69,1.99,-0.3
724,MM,273,3,1.99,2.09,0,0.4,0,0,2.20E-05,1.69,1.99,-0.3
725,MM,274,3,1.99,2.09,0,0.4,0,0,1.70E-05,1.69,1.99,-0.3
726,MM,275,3,2.09,2.09,0,0.4,0,0,1.40E-05,1.69,2.09,-0.4
727,MM,276,3,2.09,2.09,0.2,0.4,0,0,1.10E-05,1.69,1.89,-0.2
728,CH,269,7,1.86,2.13,0.27,0,1,0,0.5,2.13,1.59,0.54
729,CH,270,7,1.86,2.13,0.27,0,1,0,0.6,2.13,1.59,0.54
730,CH,275,1,1.96,2.13,0,0.74,0,1,0.68,1.39,1.96,-0.57
731,MM,274,4,1.99,2.09,0,0.4,0,0,0.5,1.69,1.99,-0.3
732,MM,275,4,2.09,2.09,0,0.4,0,0,0.4,1.69,2.09,-0.4
733,MM,276,4,2.09,2.09,0.2,0.4,0,0,0.32,1.69,1.89,-0.2
734,MM,230,1,1.69,1.69,0,0.2,0,0,0.3072,1.49,1.69,-0.2
735,MM,242,1,1.86,1.99,0,0.3,0,1,0.24576,1.69,1.86,-0.17
736,CH,250,7,1.86,2.09,0,0,0,0,0.196608,2.09,1.86,0.23
737,MM,229,3,1.79,1.79,0,0,0,0,0.48,1.79,1.79,0
738,MM,246,3,1.99,2.23,0,0,0,0,0.384,2.23,1.99,0.24
739,MM,252,3,1.99,2.23,0,0,0,0,0.3072,2.23,1.99,0.24
740,CH,253,3,1.99,2.23,0,0,0,0,0.24576,2.23,1.99,0.24
741,CH,256,3,1.99,2.29,0,0,0,0,0.396608,2.29,1.99,0.3
742,CH,259,3,1.99,2.29,0,0,0,0,0.517286,2.29,1.99,0.3
743,CH,259,3,1.99,2.29,0,0,0,0,0.613829,2.29,1.99,0.3
744,CH,271,3,1.99,2.09,0.1,0.4,1,0,0.691063,1.69,1.89,-0.2
745,MM,275,3,2.09,2.09,0,0.4,0,0,0.752851,1.69,2.09,-0.4
746,CH,233,7,1.75,1.99,0,0.4,1,0,0.5,1.59,1.75,-0.16
747,MM,262,1,1.76,1.99,0,0.4,0,1,0.6,1.59,1.76,-0.17
748,MM,234,3,1.79,2.09,0,0,0,0,0.256,2.09,1.79,0.3
749,MM,238,7,1.75,1.99,0,0.4,0,0,0.2048,1.59,1.75,-0.16
750,CH,228,2,1.69,1.69,0,0,0,0,0.6,1.69,1.69,0
751,CH,229,7,1.69,1.69,0,0.2,0,1,0.68,1.49,1.69,-0.2
752,CH,232,4,1.79,2.09,0,0,0,0,0.4,2.09,1.79,0.3
753,MM,232,1,1.69,1.99,0,0,1,0,0.52,1.99,1.69,0.3
754,CH,266,1,1.86,1.99,0,0.1,0,0,0.416,1.89,1.86,0.03
755,MM,241,1,1.86,1.99,0,0.3,0,1,0.3648,1.69,1.86,-0.17
756,CH,248,2,1.89,2.09,0,0,0,0,0.29184,2.09,1.89,0.2
757,CH,273,1,1.86,2.18,0,0,0,0,0.433472,2.18,1.86,0.32
758,MM,256,2,1.89,2.18,0.13,0,0,0,0.5,2.18,1.76,0.42
759,MM,259,2,1.86,2.18,0,0.4,0,1,0.4,1.78,1.86,-0.08
760,MM,237,2,1.75,1.99,0,0,0,0,0.5648,1.99,1.75,0.24
761,CH,242,3,1.99,2.23,0,0,0,0,0.45184,2.23,1.99,0.24
762,CH,278,3,2.09,2.09,0.2,0,0,0,0.561472,2.09,1.89,0.2
763,CH,250,2,1.89,2.09,0,0,0,0,0.6,2.09,1.89,0.2
764,CH,253,2,1.89,2.09,0.13,0,0,0,0.68,2.09,1.76,0.33
765,CH,256,2,1.89,2.18,0.13,0,0,0,0.744,2.18,1.76,0.42
766,CH,260,2,1.86,2.18,0,0.7,0,0,0.7952,1.48,1.86,-0.38
767,CH,261,2,1.86,2.18,0,0,0,0,0.83616,2.18,1.86,0.32
768,CH,263,7,1.86,2.13,0.27,0,0,0,0.868928,2.13,1.59,0.54
769,MM,278,7,2.06,2.13,0,0,0,0,0.6,2.13,2.06,0.07
770,MM,228,2,1.69,1.69,0,0,0,0,0.5,1.69,1.69,0
771,MM,229,2,1.69,1.69,0,0,0,0,0.4,1.69,1.69,0
772,MM,235,2,1.69,1.99,0,0,0,0,0.32,1.99,1.69,0.3
773,MM,244,2,1.86,2.09,0,0,0,0,0.256,2.09,1.86,0.23
774,MM,245,2,1.89,2.09,0,0,0,0,0.2048,2.09,1.89,0.2
775,MM,248,2,1.89,2.09,0,0,0,0,0.16384,2.09,1.89,0.2
776,CH,232,7,1.69,1.99,0,0.4,1,1,0.6,1.59,1.69,-0.1
777,MM,267,2,1.86,2.18,0,0.4,0,1,0.68,1.78,1.86,-0.08
778,MM,260,1,1.76,1.99,0,0.2,0,0,0.6,1.79,1.76,0.03
779,CH,276,2,1.99,2.18,0,0,0,1,0.5,2.18,1.99,0.19
780,CH,278,2,1.99,2.18,0,0,0,0,0.6,2.18,1.99,0.19
781,CH,232,1,1.69,1.99,0,0,1,0,0.586313,1.99,1.69,0.3
782,CH,247,1,1.86,2.09,0,0,0,0,0.66905,2.09,1.86,0.23
783,CH,250,1,1.86,2.09,0,0,0,0,0.73524,2.09,1.86,0.23
784,MM,230,3,1.79,1.79,0,0,0,0,0.131072,1.79,1.79,0
785,MM,232,3,1.79,2.09,0,0,0,0,0.104858,2.09,1.79,0.3
786,MM,233,3,1.79,2.09,0,0,0,0,0.083886,2.09,1.79,0.3
787,MM,234,3,1.79,2.09,0,0,0,0,0.067109,2.09,1.79,0.3
788,CH,273,3,1.99,2.09,0,0.4,0,0,0.053687,1.69,1.99,-0.3
789,CH,274,7,1.86,2.13,0.47,0.54,1,0,0.5,1.59,1.39,0.2
790,MM,275,2,1.96,2.18,0,0.8,0,1,0.6,1.38,1.96,-0.58
791,MM,241,3,1.79,2.23,0,0,0,0,0.5,2.23,1.79,0.44
792,CH,259,2,1.86,2.18,0,0.4,0,1,0.4,1.78,1.86,-0.08
793,MM,237,1,1.75,1.99,0,0,0,0,0.104858,1.99,1.75,0.24
794,MM,257,1,1.76,2.18,0,0,0,0,0.083886,2.18,1.76,0.42
795,MM,259,1,1.76,1.99,0,0.2,0,1,0.067109,1.79,1.76,0.03
796,MM,262,1,1.76,1.99,0,0.4,0,1,0.053687,1.59,1.76,-0.17
797,MM,263,1,1.76,1.99,0,0.4,0,1,0.04295,1.59,1.76,-0.17
798,MM,274,1,1.96,2.13,0,0.74,0,1,0.03436,1.39,1.96,-0.57
799,MM,244,7,1.86,2.09,0,0.2,0,0,0.52,1.89,1.86,0.03
800,MM,276,7,1.99,2.13,0,0.54,0,1,0.416,1.59,1.99,-0.4
801,MM,277,7,1.99,2.13,0.5,0,0,1,0.3328,2.13,1.49,0.64
802,CH,237,3,1.79,2.09,0,0,0,0,0.5,2.09,1.79,0.3
803,CH,241,3,1.79,2.23,0,0,0,0,0.6,2.23,1.79,0.44
804,CH,256,7,1.86,2.18,0,0,0,0,0.5,2.18,1.86,0.32
805,CH,258,1,1.76,2.18,0,0,0,0,0.6,2.18,1.76,0.42
806,CH,259,7,1.86,2.18,0,0,0,0,0.68,2.18,1.86,0.32
807,CH,259,7,1.86,2.18,0,0,0,0,0.744,2.18,1.86,0.32
808,CH,262,7,1.86,2.13,0,0,0,0,0.7952,2.13,1.86,0.27
809,CH,264,7,1.86,2.13,0.37,0,1,0,0.83616,2.13,1.49,0.64
810,CH,265,7,1.86,2.13,0.37,0,1,0,0.868928,2.13,1.49,0.64
811,CH,265,7,1.86,2.13,0.37,0,1,0,0.895142,2.13,1.49,0.64
812,CH,266,7,1.86,2.13,0.37,0,1,0,0.916114,2.13,1.49,0.64
813,CH,267,7,1.86,2.13,0,0,1,0,0.932891,2.13,1.86,0.27
814,CH,268,7,1.86,2.13,0,0,0,0,0.946313,2.13,1.86,0.27
815,CH,269,7,1.86,2.13,0.27,0,1,0,0.95705,2.13,1.59,0.54
816,CH,269,1,1.86,2.18,0,0,0,0,0.96564,2.18,1.86,0.32
817,CH,270,7,1.86,2.13,0.27,0,1,0,0.972512,2.13,1.59,0.54
818,CH,271,7,1.86,2.13,0,0,0,0,0.97801,2.13,1.86,0.27
819,CH,273,7,1.86,2.13,0,0.54,0,0,0.982408,1.59,1.86,-0.27
820,CH,274,7,1.86,2.13,0.47,0.54,1,0,0.985926,1.59,1.39,0.2
821,CH,277,7,1.99,2.13,0.5,0,0,1,0.988741,2.13,1.49,0.64
822,CH,228,4,1.79,1.79,0,0,0,0,0.740314,1.79,1.79,0
823,CH,229,4,1.79,1.79,0,0,0,0,0.792251,1.79,1.79,0
824,CH,231,4,1.79,1.79,0,0,0,0,0.833801,1.79,1.79,0
825,CH,232,4,1.79,2.09,0,0,0,0,0.867041,2.09,1.79,0.3
826,CH,240,4,1.79,2.23,0,0,0,0,0.893632,2.23,1.79,0.44
827,CH,244,4,1.99,2.23,0,0,0,0,0.914906,2.23,1.99,0.24
828,CH,248,1,1.86,2.09,0,0,0,0,0.931925,2.09,1.86,0.23
829,CH,251,4,1.99,2.23,0,0,0,0,0.94554,2.23,1.99,0.24
830,CH,270,4,1.99,2.09,0.1,0,0,0,0.956432,2.09,1.89,0.2
831,CH,274,4,1.99,2.09,0,0.4,0,0,0.965145,1.69,1.99,-0.3
832,MM,228,2,1.69,1.69,0,0,0,0,0.32,1.69,1.69,0
833,MM,237,3,1.79,2.09,0,0,0,0,0.256,2.09,1.79,0.3
834,MM,241,3,1.79,2.23,0,0,0,0,0.2048,2.23,1.79,0.44
835,MM,252,3,1.99,2.23,0,0,0,0,0.16384,2.23,1.99,0.24
836,MM,231,4,1.79,1.79,0,0,0,0,0.6,1.79,1.79,0
837,CH,251,4,1.99,2.23,0,0,0,0,0.48,2.23,1.99,0.24
838,MM,243,1,1.86,1.99,0,0.8,0,1,0.32,1.19,1.86,-0.67
839,MM,262,2,1.86,2.18,0,0.6,0,1,0.256,1.58,1.86,-0.28
840,MM,268,1,1.86,1.99,0,0.2,0,1,0.2048,1.79,1.86,-0.07
841,CH,268,2,1.86,2.18,0,0,0,1,0.16384,2.18,1.86,0.32
842,MM,270,2,1.86,2.18,0,0,0,0,0.331072,2.18,1.86,0.32
843,CH,273,2,1.86,2.18,0,0.06,0,0,0.264858,2.12,1.86,0.26
844,MM,274,7,1.86,2.13,0.47,0.54,1,0,0.411886,1.59,1.39,0.2
845,MM,274,2,1.96,2.18,0,0.8,0,1,0.329509,1.38,1.96,-0.58
846,MM,274,2,1.96,2.18,0,0.8,0,1,0.263607,1.38,1.96,-0.58
847,MM,275,2,1.96,2.18,0,0.8,0,1,0.210886,1.38,1.96,-0.58
848,MM,275,2,1.96,2.18,0,0.8,0,1,0.168709,1.38,1.96,-0.58
849,MM,234,7,1.75,1.99,0,0.4,1,0,0.5,1.59,1.75,-0.16
850,CH,269,7,1.86,2.13,0.27,0,1,0,0.4,2.13,1.59,0.54
851,CH,232,1,1.69,1.99,0,0,1,0,0.7952,1.99,1.69,0.3
852,CH,232,1,1.69,1.99,0,0,1,0,0.83616,1.99,1.69,0.3
853,CH,234,1,1.69,1.99,0,0,0,0,0.868928,1.99,1.69,0.3
854,CH,237,1,1.75,1.99,0,0,0,0,0.895142,1.99,1.75,0.24
855,CH,240,7,1.86,2.09,0,0,0,0,0.916114,2.09,1.86,0.23
856,CH,242,1,1.86,1.99,0,0.3,0,1,0.932891,1.69,1.86,-0.17
857,CH,246,1,1.86,2.09,0,0,0,0,0.946313,2.09,1.86,0.23
858,CH,251,7,1.86,2.09,0.1,0,0,0,0.95705,2.09,1.76,0.33
859,CH,253,7,1.86,2.09,0.1,0,0,0,0.96564,2.09,1.76,0.33
860,CH,259,1,1.76,1.99,0,0.2,0,1,0.972512,1.79,1.76,0.03
861,CH,274,7,1.86,2.13,0.47,0.54,1,0,0.97801,1.59,1.39,0.2
862,MM,234,7,1.75,1.99,0,0.4,1,0,0.5,1.59,1.75,-0.16
863,CH,256,7,1.86,2.18,0,0,0,0,0.4,2.18,1.86,0.32
864,CH,228,7,1.69,1.69,0,0,0,0,0.351365,1.69,1.69,0
865,MM,231,7,1.69,1.99,0,0,0,0,0.481092,1.99,1.69,0.3
866,CH,233,7,1.75,1.99,0,0.4,1,0,0.384874,1.59,1.75,-0.16
867,CH,236,7,1.75,1.99,0,0.4,0,0,0.507899,1.59,1.75,-0.16
868,MM,260,4,1.99,2.09,0,0,0,0,0.606319,2.09,1.99,0.1
869,CH,268,7,1.86,2.13,0,0,0,0,0.485055,2.13,1.86,0.27
870,CH,269,7,1.86,2.13,0.27,0,1,0,0.588044,2.13,1.59,0.54
871,CH,274,7,1.86,2.13,0.47,0.54,1,0,0.670435,1.59,1.39,0.2
872,MM,275,7,1.99,2.13,0,0.54,1,0,0.736348,1.59,1.99,-0.4
873,MM,276,7,1.99,2.13,0,0.54,0,1,0.589079,1.59,1.99,-0.4
874,CH,248,4,1.99,2.23,0,0,0,0,0.5,2.23,1.99,0.24
875,CH,251,4,1.99,2.23,0,0,0,0,0.6,2.23,1.99,0.24
876,CH,254,4,1.99,2.29,0,0,1,0,0.68,2.29,1.99,0.3
877,CH,256,4,1.99,2.29,0,0,0,0,0.744,2.29,1.99,0.3
878,MM,258,4,1.99,2.29,0,0,0,0,0.7952,2.29,1.99,0.3
879,CH,260,4,1.99,2.09,0,0,0,0,0.63616,2.09,1.99,0.1
880,CH,262,4,1.99,2.09,0,0,0,0,0.708928,2.09,1.99,0.1
881,CH,264,4,1.99,2.09,0.1,0,0,0,0.767142,2.09,1.89,0.2
882,CH,267,4,1.99,2.09,0.1,0,0,0,0.813714,2.09,1.89,0.2
883,CH,277,4,2.09,2.09,0.2,0.4,0,0,0.850971,1.69,1.89,-0.2
884,MM,236,7,1.75,1.99,0,0.4,0,0,0.4,1.59,1.75,-0.16
885,CH,233,7,1.75,1.99,0,0.4,1,0,0.6,1.59,1.75,-0.16
886,MM,262,1,1.76,1.99,0,0.4,0,1,0.68,1.59,1.76,-0.17
887,CH,265,7,1.86,2.13,0.37,0,1,0,0.544,2.13,1.49,0.64
888,CH,269,7,1.86,2.13,0.27,0,1,0,0.6352,2.13,1.59,0.54
889,CH,273,1,1.86,2.18,0,0,0,0,0.70816,2.18,1.86,0.32
890,CH,274,7,1.86,2.13,0.47,0.54,1,0,0.766528,1.59,1.39,0.2
891,CH,252,7,1.86,2.09,0.1,0,0,0,0.5,2.09,1.76,0.33
892,CH,253,7,1.86,2.09,0.1,0,0,0,0.6,2.09,1.76,0.33
893,CH,254,7,1.86,2.18,0,0,0,0,0.68,2.18,1.86,0.32
894,CH,256,7,1.86,2.18,0,0,0,0,0.744,2.18,1.86,0.32
895,CH,257,7,1.86,2.18,0,0,0,0,0.7952,2.18,1.86,0.32
896,CH,258,7,1.86,2.18,0,0,0,0,0.83616,2.18,1.86,0.32
897,CH,259,7,1.86,2.18,0,0,0,0,0.868928,2.18,1.86,0.32
898,CH,260,7,1.86,2.13,0,0.24,0,0,0.895142,1.89,1.86,0.03
899,CH,262,7,1.86,2.13,0,0,0,0,0.916114,2.13,1.86,0.27
900,CH,265,7,1.86,2.13,0.37,0,1,0,0.932891,2.13,1.49,0.64
901,CH,266,7,1.86,2.13,0.37,0,1,0,0.946313,2.13,1.49,0.64
902,CH,269,7,1.86,2.13,0.27,0,1,0,0.95705,2.13,1.59,0.54
903,CH,274,7,1.86,2.13,0.47,0.54,1,0,0.96564,1.59,1.39,0.2
904,MM,275,7,1.99,2.13,0,0.54,1,0,0.972512,1.59,1.99,-0.4
905,CH,277,7,1.99,2.13,0.5,0,0,1,0.77801,2.13,1.49,0.64
906,MM,231,7,1.69,1.99,0,0,0,0,0.256,1.99,1.69,0.3
907,MM,233,7,1.75,1.99,0,0.4,1,0,0.2048,1.59,1.75,-0.16
908,CH,238,1,1.75,1.99,0,0,0,0,0.16384,1.99,1.75,0.24
909,CH,247,1,1.86,2.09,0,0,0,0,0.331072,2.09,1.86,0.23
910,CH,273,1,1.86,2.18,0,0,0,0,0.464858,2.18,1.86,0.32
911,MM,275,1,1.96,2.13,0,0.74,0,1,0.571886,1.39,1.96,-0.57
912,MM,276,2,1.99,2.18,0,0,0,1,0.32,2.18,1.99,0.19
913,CH,236,2,1.75,1.99,0,0,0,0,0.5,1.99,1.75,0.24
914,MM,273,2,1.86,2.18,0,0.06,0,0,0.6,2.12,1.86,0.26
915,MM,247,2,1.89,2.09,0,0,0,0,0.68,2.09,1.89,0.2
916,MM,246,2,1.89,2.09,0,0,0,0,0.5,2.09,1.89,0.2
917,CH,246,2,1.89,2.09,0,0,0,0,0.4,2.09,1.89,0.2
918,MM,266,3,1.99,2.09,0.1,0,0,0,0.52,2.09,1.89,0.2
919,MM,277,1,1.99,2.13,0.24,0,0,0,0.416,2.13,1.75,0.38
920,CH,268,2,1.86,2.18,0,0,0,1,0.4,2.18,1.86,0.32
921,CH,269,7,1.86,2.13,0.27,0,1,0,0.52,2.13,1.59,0.54
922,CH,269,2,1.86,2.18,0,0,0,0,0.616,2.18,1.86,0.32
923,MM,272,2,1.86,2.18,0,0.06,0,0,0.6928,2.12,1.86,0.26
924,MM,275,7,1.99,2.13,0,0.54,1,0,0.55424,1.59,1.99,-0.4
925,MM,276,7,1.99,2.13,0,0.54,0,1,0.443392,1.59,1.99,-0.4
926,MM,231,3,1.79,1.79,0,0,0,0,0.4,1.79,1.79,0
927,MM,231,3,1.79,1.79,0,0,0,0,0.32,1.79,1.79,0
928,MM,231,3,1.79,1.79,0,0,0,0,0.256,1.79,1.79,0
929,MM,234,3,1.79,2.09,0,0,0,0,0.2048,2.09,1.79,0.3
930,MM,236,3,1.79,2.09,0,0,0,0,0.16384,2.09,1.79,0.3
931,CH,242,3,1.99,2.23,0,0,0,0,0.131072,2.23,1.99,0.24
932,CH,227,4,1.79,1.79,0,0,0,1,0.5,1.79,1.79,0
933,CH,251,4,1.99,2.23,0,0,0,0,0.6,2.23,1.99,0.24
934,CH,272,3,1.99,2.09,0,0.4,0,0,0.6,1.69,1.99,-0.3
935,MM,227,2,1.69,1.69,0,0,0,0,0.211886,1.69,1.69,0
936,MM,229,2,1.69,1.69,0,0,0,0,0.169509,1.69,1.69,0
937,MM,231,2,1.69,1.69,0.3,0,1,0,0.135607,1.69,1.39,0.3
938,MM,233,2,1.69,1.69,0,0,0,0,0.108486,1.69,1.69,0
939,MM,237,2,1.75,1.99,0,0,0,0,0.086789,1.99,1.75,0.24
940,MM,249,2,1.89,2.09,0,0,0,0,0.069431,2.09,1.89,0.2
941,MM,250,2,1.89,2.09,0,0,0,0,0.055545,2.09,1.89,0.2
942,MM,251,2,1.89,2.09,0.13,0,0,0,0.044436,2.09,1.76,0.33
943,MM,255,2,1.89,2.18,0.13,0,0,0,0.035549,2.18,1.76,0.42
944,MM,256,3,1.99,2.29,0,0,0,0,0.028439,2.29,1.99,0.3
945,MM,256,2,1.89,2.18,0.13,0,0,0,0.022751,2.18,1.76,0.42
946,MM,258,2,1.86,2.18,0,0,0,0,0.018201,2.18,1.86,0.32
947,MM,259,7,1.86,2.18,0,0,0,0,0.014561,2.18,1.86,0.32
948,MM,260,3,1.99,2.09,0,0,0,0,0.011649,2.09,1.99,0.1
949,MM,262,2,1.86,2.18,0,0.6,0,1,0.009319,1.58,1.86,-0.28
950,MM,263,2,1.86,2.18,0,0,0,1,0.007455,2.18,1.86,0.32
951,MM,265,2,1.86,2.18,0,0,0,0,0.005964,2.18,1.86,0.32
952,MM,266,2,1.86,2.18,0,0,0,0,0.004771,2.18,1.86,0.32
953,MM,267,2,1.86,2.18,0,0.4,0,1,0.003817,1.78,1.86,-0.08
954,MM,268,3,1.99,2.09,0.1,0,0,0,0.003054,2.09,1.89,0.2
955,CH,269,2,1.86,2.18,0,0,0,0,0.002443,2.18,1.86,0.32
956,CH,270,2,1.86,2.18,0,0,0,0,0.201954,2.18,1.86,0.32
957,MM,271,3,1.99,2.09,0.1,0.4,1,0,0.361563,1.69,1.89,-0.2
958,MM,273,3,1.99,2.09,0,0.4,0,0,0.289251,1.69,1.99,-0.3
959,MM,275,2,1.96,2.18,0,0.8,0,1,0.231401,1.38,1.96,-0.58
960,MM,276,2,1.99,2.18,0,0,0,1,0.18512,2.18,1.99,0.19
961,MM,277,2,1.99,2.18,0,0,0,0,0.148096,2.18,1.99,0.19
962,MM,232,1,1.69,1.99,0,0,1,0,0.48,1.99,1.69,0.3
963,CH,227,1,1.69,1.69,0,0,0,0,0.6,1.69,1.69,0
964,MM,229,1,1.69,1.69,0,0,0,0,0.68,1.69,1.69,0
965,MM,230,1,1.69,1.69,0,0.2,0,0,0.544,1.49,1.69,-0.2
966,CH,233,1,1.69,1.99,0,0,0,0,0.4352,1.99,1.69,0.3
967,MM,236,1,1.75,1.99,0,0,0,0,0.54816,1.99,1.75,0.24
968,MM,237,1,1.75,1.99,0,0,0,0,0.438528,1.99,1.75,0.24
969,MM,238,1,1.75,1.99,0,0,0,0,0.350822,1.99,1.75,0.24
970,MM,239,1,1.75,1.99,0,0.3,0,1,0.280658,1.69,1.75,-0.06
971,MM,240,1,1.75,1.99,0,0.3,0,1,0.224526,1.69,1.75,-0.06
972,MM,241,1,1.86,1.99,0,0.3,0,1,0.179621,1.69,1.86,-0.17
973,CH,242,1,1.86,1.99,0,0.3,0,1,0.143697,1.69,1.86,-0.17
974,MM,243,1,1.86,1.99,0,0.8,0,1,0.314957,1.19,1.86,-0.67
975,MM,244,1,1.86,2.09,0,0,0,0,0.251966,2.09,1.86,0.23
976,MM,246,1,1.86,2.09,0,0,0,0,0.201573,2.09,1.86,0.23
977,MM,275,1,1.96,2.13,0,0.74,0,1,0.161258,1.39,1.96,-0.57
978,MM,276,1,1.99,2.13,0,0,0,1,0.129007,2.13,1.99,0.14
979,MM,277,1,1.99,2.13,0.24,0,0,0,0.103205,2.13,1.75,0.38
980,MM,278,1,1.99,2.13,0.24,0,0,0,0.082564,2.13,1.75,0.38
981,CH,233,7,1.75,1.99,0,0.4,1,0,0.4,1.59,1.75,-0.16
982,CH,254,7,1.86,2.18,0,0,0,0,0.52,2.18,1.86,0.32
983,MM,262,1,1.76,1.99,0,0.4,0,1,0.616,1.59,1.76,-0.17
984,CH,264,7,1.86,2.13,0.37,0,1,0,0.4928,2.13,1.49,0.64
985,CH,265,7,1.86,2.13,0.37,0,1,0,0.59424,2.13,1.49,0.64
986,CH,269,7,1.86,2.13,0.27,0,1,0,0.675392,2.13,1.59,0.54
987,MM,274,1,1.96,2.13,0,0.74,0,1,0.740314,1.39,1.96,-0.57
988,CH,274,7,1.86,2.13,0.47,0.54,1,0,0.592251,1.59,1.39,0.2
989,CH,269,3,1.99,2.09,0.1,0,0,0,0.5,2.09,1.89,0.2
990,MM,271,3,1.99,2.09,0.1,0.4,1,0,0.6,1.69,1.89,-0.2
991,MM,253,7,1.86,2.09,0.1,0,0,0,0.5,2.09,1.76,0.33
992,MM,275,2,1.96,2.18,0,0.8,0,1,0.4,1.38,1.96,-0.58
993,MM,229,7,1.69,1.69,0,0.2,0,1,0.5,1.49,1.69,-0.2
994,MM,239,4,1.79,2.23,0,0,0,0,0.4,2.23,1.79,0.44
995,MM,243,4,1.99,2.23,0,0,0,0,0.32,2.23,1.99,0.24
996,MM,258,7,1.86,2.18,0,0,0,0,0.256,2.18,1.86,0.32
997,CH,229,7,1.69,1.69,0,0.2,0,1,0.6,1.49,1.69,-0.2
998,MM,231,7,1.69,1.99,0,0,0,0,0.68,1.99,1.69,0.3
999,CH,254,7,1.86,2.18,0,0,0,0,0.544,2.18,1.86,0.32
1000,MM,275,7,1.99,2.13,0,0.54,1,0,0.6352,1.59,1.99,-0.4
1001,MM,228,2,1.69,1.69,0,0,0,0,0.4,1.69,1.69,0
1002,MM,263,2,1.86,2.18,0,0,0,1,0.32,2.18,1.86,0.32
1003,MM,227,3,1.79,1.79,0,0,0,1,0.16384,1.79,1.79,0
1004,MM,235,3,1.79,2.09,0,0,0,0,0.131072,2.09,1.79,0.3
1005,MM,238,3,1.79,2.09,0,0,0,0,0.104858,2.09,1.79,0.3
1006,MM,260,3,1.99,2.09,0,0,0,0,0.083886,2.09,1.99,0.1
1007,CH,272,3,1.99,2.09,0,0.4,0,0,0.067109,1.69,1.99,-0.3
1008,MM,272,3,1.99,2.09,0,0.4,0,0,0.253687,1.69,1.99,-0.3
1009,CH,229,7,1.69,1.69,0,0.2,0,1,0.4,1.49,1.69,-0.2
1010,CH,230,7,1.69,1.99,0,0,0,1,0.5648,1.99,1.69,0.3
1011,CH,231,7,1.69,1.99,0,0,0,0,0.65184,1.99,1.69,0.3
1012,CH,232,7,1.69,1.99,0,0.4,1,1,0.721472,1.59,1.69,-0.1
1013,CH,233,7,1.75,1.99,0,0.4,1,0,0.777178,1.59,1.75,-0.16
1014,CH,233,7,1.75,1.99,0,0.4,1,0,0.821742,1.59,1.75,-0.16
1015,CH,234,1,1.69,1.99,0,0,0,0,0.857394,1.99,1.69,0.3
1016,CH,235,7,1.75,1.99,0,0.4,0,0,0.885915,1.59,1.75,-0.16
1017,CH,236,7,1.75,1.99,0,0.4,0,0,0.908732,1.59,1.75,-0.16
1018,CH,237,7,1.75,1.99,0,0.4,0,0,0.926986,1.59,1.75,-0.16
1019,CH,240,7,1.86,2.09,0,0,0,0,0.941588,2.09,1.86,0.23
1020,MM,240,7,1.86,2.09,0,0,0,0,0.953271,2.09,1.86,0.23
1021,MM,244,7,1.86,2.09,0,0.2,0,0,0.762617,1.89,1.86,0.03
1022,CH,252,2,1.89,2.09,0.13,0,0,0,0.610093,2.09,1.76,0.33
1023,MM,254,4,1.99,2.29,0,0,1,0,0.688075,2.29,1.99,0.3
1024,CH,256,2,1.89,2.18,0.13,0,0,0,0.55046,2.18,1.76,0.42
1025,CH,258,4,1.99,2.29,0,0,0,0,0.640368,2.29,1.99,0.3
1026,CH,260,7,1.86,2.13,0,0.24,0,0,0.712294,1.89,1.86,0.03
1027,CH,260,7,1.86,2.13,0,0.24,0,0,0.769835,1.89,1.86,0.03
1028,CH,260,1,1.76,1.99,0,0.2,0,0,0.815868,1.79,1.76,0.03
1029,CH,263,7,1.86,2.13,0.27,0,0,0,0.852695,2.13,1.59,0.54
1030,CH,265,7,1.86,2.13,0.37,0,1,0,0.882156,2.13,1.49,0.64
1031,CH,265,7,1.86,2.13,0.37,0,1,0,0.905725,2.13,1.49,0.64
1032,CH,269,4,1.99,2.09,0.1,0,0,0,0.92458,2.09,1.89,0.2
1033,CH,270,7,1.86,2.13,0.27,0,1,0,0.939664,2.13,1.59,0.54
1034,CH,272,4,1.99,2.09,0,0.4,0,0,0.951731,1.69,1.99,-0.3
1035,CH,277,7,1.99,2.13,0.5,0,0,1,0.961385,2.13,1.49,0.64
1036,MM,228,1,1.69,1.69,0,0,0,0,0.5,1.69,1.69,0
1037,MM,228,1,1.69,1.69,0,0,0,0,0.4,1.69,1.69,0
1038,MM,233,1,1.69,1.99,0,0,0,0,0.5,1.99,1.69,0.3
1039,MM,235,1,1.69,1.99,0,0,0,0,0.4,1.99,1.69,0.3
1040,CH,237,7,1.75,1.99,0,0.4,0,0,0.32,1.59,1.75,-0.16
1041,CH,238,1,1.75,1.99,0,0,0,0,0.456,1.99,1.75,0.24
1042,CH,238,1,1.75,1.99,0,0,0,0,0.5648,1.99,1.75,0.24
1043,CH,239,1,1.75,1.99,0,0.3,0,1,0.65184,1.69,1.75,-0.06
1044,CH,240,1,1.75,1.99,0,0.3,0,1,0.721472,1.69,1.75,-0.06
1045,CH,241,1,1.86,1.99,0,0.3,0,1,0.777178,1.69,1.86,-0.17
1046,CH,252,1,1.76,2.09,0,0,0,0,0.821742,2.09,1.76,0.33
1047,CH,253,1,1.76,2.09,0,0,0,0,0.857394,2.09,1.76,0.33
1048,CH,255,1,1.76,2.18,0,0,0,0,0.885915,2.18,1.76,0.42
1049,CH,256,1,1.76,2.18,0,0,0,0,0.908732,2.18,1.76,0.42
1050,MM,228,7,1.69,1.69,0,0,0,0,0.744,1.69,1.69,0
1051,CH,230,7,1.69,1.99,0,0,0,1,0.5952,1.99,1.69,0.3
1052,CH,231,7,1.69,1.99,0,0,0,0,0.67616,1.99,1.69,0.3
1053,CH,237,7,1.75,1.99,0,0.4,0,0,0.740928,1.59,1.75,-0.16
1054,CH,238,7,1.75,1.99,0,0.4,0,0,0.792742,1.59,1.75,-0.16
1055,CH,243,2,1.86,2.09,0,0,0,1,0.834194,2.09,1.86,0.23
1056,MM,227,1,1.69,1.69,0,0,0,0,0.32,1.69,1.69,0
1057,CH,228,7,1.69,1.69,0,0,0,0,0.256,1.69,1.69,0
1058,CH,232,1,1.69,1.99,0,0,1,0,0.4048,1.99,1.69,0.3
1059,CH,233,7,1.75,1.99,0,0.4,1,0,0.52384,1.59,1.75,-0.16
1060,CH,235,1,1.69,1.99,0,0,0,0,0.619072,1.99,1.69,0.3
1061,MM,236,1,1.75,1.99,0,0,0,0,0.695258,1.99,1.75,0.24
1062,MM,242,1,1.86,1.99,0,0.3,0,1,0.556206,1.69,1.86,-0.17
1063,MM,245,7,1.86,2.09,0,0.2,0,0,0.444965,1.89,1.86,0.03
1064,CH,251,1,1.76,2.09,0,0,0,0,0.355972,2.09,1.76,0.33
1065,CH,251,7,1.86,2.09,0.1,0,0,0,0.484778,2.09,1.76,0.33
1066,CH,252,7,1.86,2.09,0.1,0,0,0,0.587822,2.09,1.76,0.33
1067,CH,256,7,1.86,2.18,0,0,0,0,0.670258,2.18,1.86,0.32
1068,MM,257,7,1.86,2.18,0,0,0,0,0.736206,2.18,1.86,0.32
1069,CH,261,7,1.86,2.13,0,0.24,0,0,0.588965,1.89,1.86,0.03
1070,CH,270,1,1.86,2.18,0,0,0,0,0.671172,2.18,1.86,0.32
